Workbook

Sheet 1.건전성
A1: 회사명 | B1: 사업보고서 바로가기 | C1: 종목코드 | D1: 경실련 업종 | E1: 업종 | F1: 주요제품 | G1: 상장일 | H1: 결산월 | I1: 대표자명 | J1: 홈페이지 | K1: 지역 | L1: 자산총계 (천원) | M1: 부채총계 (천원) | N1: 자본총계 (천원) | O1: 매출액 (천원) | P1: 영업이익 (천원) | Q1: 법인세차감전 계속사업이익 (천원) | R1: 당기순이익 (천원) | S1: 발행주식 총수 (보통주) | T1: 자기주식수 (보통주) | U1: 동일인지분 (주식수) | V1: 친족지분 (주식수) | W1: 임원지분 (주식수) | X1: 비영리법인지분 (주식수) | Y1: 비영리법인 법인명 (입력) | Z1: 계열회사지분 (주식수) | AA1: 상호주 (주식수) | AB1: 내부지분수 (합계) | AC1: 내부지분율 | AD1: 내부지분율 (100점) | AE1: 1. 내부지분율 (제조·비제조3점/금융4점) | AF1: 소유지분율 | AG1: 의결지분율 | AH1: 소유지배 괴리도 (%) | AI1: 소유지배 괴리도 (100) | AJ1: 2.소유지배괴리도 (제조·비제조4점/금융5점) | AK1: 등기 임원수 (명) | AL1: 미등기 임원수 (명) | AM1: 1%이상 주식보유 임원수 (명) | AN1: 총임원수(명) | AO1: 전문경영인정도(%) | AP1: 전문경영인정도 평점화 (100) | AQ1: 3.전문경영인정도 (제조·비제조2점/금융3점) | AR1: 사외이사수 (명) | AS1: 법정사외이사수 (%) (총자산 2조원 기준) | AT1: 법정사외이사수 | AU1: (소수점 절상) | AV1: 사외이사비율(%) | AW1: 사외이사비율 평점화 (100) | AX1: 4. 사외이사비율 (제조·비제조1점/금융2점) | AY1: 이사회 개최건수 (건) | AZ1: 실제 누적 참석수 (명) | BA1: 총 누적 참석 수 | BB1: 사외이사 참여도(%) | BC1: 이사회 참여도 (100) | BD1: 5. 이사회 참여 (제조·비제조1점/금융2점) | BE1: 급여 (천원) | BF1: 퇴직급여 (천원) | BG1: 접대비/교재비 (천원) | BH1: 인건비 (천원) | BI1: 소비성지출(%) (접대비/인건비) | BJ1: 업종 | BK1: 업종별 평균 | BL1: 소비성지출 편차 (소비성지출-평균) | BM1: 소비성지출(100) | BN1: 6. 소비성지출 (모두 2점) | BO1: 연구개발비 (천원) | BP1: 연구개발지출(%) | BQ1: 연구개발지출 (100) | BR1: 7.연구개발 (제조·비제조2점/금융1점) | BS1: 유형자산 취득 (천원) | BT1: 유형자산 처분 (천원) | BU1: 설비투자액 (천원) | BV1: 설비투자율(%) | BW1: 업종별 설비투자율 평균 (%) | BX1: 설비투자율 분산값 | BY1: 매출대비 업종별 설비투자율 표준편차 | BZ1: 매출대비 업종별 설비투자액 상위(%) | CA1: 업종별 설비투자액 (100점) | CB1: 8. 설비투자 (모두 2점) | CC1: 위험성 (%) | CD1: 위험성 (100점) | CE1: 9. 부채비율 (제조·비제조1.5점/금융업 제외) | CF1: 고정이하 여신비율 (은행, 종금) (%) | CG1: 고정이하 자산비율 (증권) (%) | CH1: 위험가중 자산비율 (보험) (%) | CI1: 위험성(100) | CJ1: 10. 고정이하 여신/ 자산/위험가중자산비율 (금융업 4점/제조·비제조 제외) | CK1: 회사채신용등급 (입력) | CL1: 6등급 분류 (A ~ F) | CM1: 회사채 신용등급 (100) | CN1: 11. 회사채 신용등급 (제조·비제조1.5점/금융3점) | CO1: 관계사 출자금액 (천원) | CP1: 관계사출자(%) | CQ1: 관계사 출자금액 (100) | CR1: 12. 관계사 출자금액 (제조·비제조 3점/금융4점) | CS1: 관계사 채무보증액 (천원) | CT1: 관계사채무보증액(%) | CU1: 관계사채무보증액(100) | CV1: 13. 관계사채무보증 (제조·비제조2점/금융3점) | CW1: 건전성 (제조·비제조 25점/금융업 35점)
A2: BGF리테일 | B2: https://dart.fss.or.kr/dsaf001/main.do?rcpNo=20230320000886 | C2: 282330 | D2: 비제조/서비스업 | E2: 종합 소매업 | F2: 체인화 편의점 | G2: 43077 | H2: 12월 | I2: 이건준 | J2: http://www.bgfretail.com | K2: 서울특별시 | L2: 2857090834 | M2: 1925834121 | N2: 931256713 | O2: 7577772993 | P2: 249222456 | Q2: 250446471 | R2: 190700183 | S2: 17283906 | T2: 8891 | U2: 5185172 | V2: =1271876+547071+921322+709646+251893+242825+2329 -> 3946962 | W2: =179820+11162+4360+1050+174+3558+1000+100 -> 201224 | X2: =1799+1798 -> 3597 | Y2: (재)홍진기 법률연구재단; (재)비지에프복지재단 | Z2: 0 | AA2: 0 | AB2: =SUM(U2,V2,Z2,W2,X2) -> 9336955 | AC2: =(AB2/S2)*100 -> 54.021093 | AD2: =100-(75*(AC2-0.1))/(87-0.1) -> 53.462808 | AE2: =AD2*0.03 -> 1.6038842 | AF2: =(U2+V2)/(S2-T2-AA2)*100 -> 52.863248 | AG2: =(U2+V2+Z2+W2+X2-AA2)/(S2-T2-AA2)*100 -> 54.048897 | AH2: =AG2-AF2 -> 1.1856488 | AI2: =IF(AH2<10, 100, IF(AH2<30, 80, IF(AH2<50, 60, IF(AH2<80, 40, IF(AH2<=100, 20))))) -> 100 | AJ2: =AI2*0.04 -> 4 | AK2: 7 | AL2: 22 | AM2: 1 | AN2: =SUM(AK2:AL2) -> 29 | AO2: =(AM2/AN2)*100 -> 3.4482759 | AP2: =IF(AO2<10, 100, IF(AO2<20, 80, IF(AO2<30, 60, IF(AO2<50, 40, IF(AO2>=50, 20))))) -> 100 | AQ2: =AP2*0.02 -> 2 | AR2: 5 | AS2: =IF(L2>=2000000000, 0.5, IF(L2<2000000000, 0.25)) -> 0.5 | AT2: =AK2*AS2 -> 3.5 | AU2: =ROUNDDOWN(AT2,0) -> 3 | AV2: =(AR2-AU2)/AK2*100 -> 28.571429 | AW2: =IF(AV2<0, 20, IF(AV2=0, 40, IF(AV2<20, 60, IF(AV2<40, 80, IF(AV2>=40, 100))))) -> 80 | AX2: =AW2*0.01 -> 0.8 | AY2: 11 | AZ2: =4*3+5*6+4*2 -> 50 | BA2: =AR2*AY2 -> 55 | BB2: =(AZ2/BA2)*100 -> 90.909091 | BC2: =IF(BB2<70, 25, IF(BB2<80, 50, IF(BB2<90, 75, IF(BB2>=90, 100)))) -> 100 | BD2: =BC2*0.01 -> 1 | BE2: 158631000 | BF2: 11401000 | BG2: 0 | BH2: =SUM(BE2:BF2) -> 170032000 | BI2: =(BG2/BH2)*100 -> 0 | BJ2: =IF(D2="금융업(보험)", "금융업", IF(D2="금융업(증권)", "금융업", IF(D2="금융업(종금)", "금융업", D2))) -> 비제조/서비스업 | BK2: =AVERAGEIF(BJ:BJ, BJ2, BI:BI) -> 1.7464435 | BL2: =BI2-BK2 -> -1.7464435 | BM2: =IF(BL2<-2, 100, IF(BL2<0, 80, IF(BL2<2, 60, IF(BL2<10, 40, 20)))) -> 80 | BN2: =BM2*0.02 -> 1.6 | BO2: 9843000 | BP2: =(BO2/O2)*100 -> 0.12989304 | BQ2: =IF(BP2=0, 25, IF(BP2<0.1, 40, IF(BP2<0.5, 55, IF(BP2<2, 70, IF(BP2<4, 85, IF(BP2>=4, 100)))))) -> 55 | BR2: =BQ2*0.02 -> 1.1 | BS2: 2.1126308e+08 | BT2: 549918.29 | BU2: =BS2-BT2 -> 2.1071316e+08 | BV2: =BU2/O2*100 -> 2.780674 | BW2: =AVERAGEIF(BJ:BJ, BJ2, BV:BV) -> 2.8482825 | BX2: =(BV2-BW2)^2 -> 0.0045709171 | BY2: =SQRT(SUMIF(BJ:BJ, BJ2, BX:BX)/COUNTIF(BJ:BJ, BJ2)) -> 5.5697596 | BZ2: =(1-_xlfn.NORM.DIST(BV2, BW2, BY2, TRUE))*100 -> 50.484244 | CA2: =IF(BZ2<=5, 100, IF(BZ2<=15, 85, IF(BZ2<=35, 70, IF(BZ2<=60, 55, IF(BZ2<=90, 40, 25))))) -> 55 | CB2: =CA2*0.02 -> 1.1 | CC2: =(M2/N2)*100 -> 206.79949 | CD2: =IF((100-(75*(CC2-1)/(200-1)))>100, 100, IF((100-(75*(CC2-1)/(200-1)))<25, 25, (100-(75*(CC2-1)/(200-1))))) -> 25 | CE2: =CD2*0.015 -> 0.375 | CF2: 평가제외 | CG2: 평가제외 | CH2: 평가제외 | CI2: 평가제외 | CK2: AA | CL2: B | CM2: =IF(CL2="A", 100, IF(CL2="B", 85, IF(CL2="C", 70, IF(CL2="D", 55, IF(CL2="E", 40, 25))))) -> 85 | CN2: =CM2*0.015 -> 1.275 | CO2: =39104000+33584000+3302000 -> 75990000 | CP2: =(CO2/N2)*100 -> 8.1599412 | CQ2: =IF(CP2<3, 100, IF(CP2<10, 80, IF(CP2<35, 60, IF(CP2<100, 40, IF(CP2>=100, 20))))) -> 80 | CR2: =CQ2*0.03 -> 2.4 | CS2: =_xlfn.XLOOKUP(C2, '1-1. 관계사체무보증금액 (환율 등)'!$3:$3, '1-1. 관계사체무보증금액 (환율 등)'!$33:$33) -> 11092000 | CT2: =(CS2/N2)*100 -> 1.1910787 | CU2: =IF(CT2<3, 100, IF(CT2<10, 80, IF(CT2<35, 60, IF(CT2<100, 40, 20)))) -> 100 | CV2: =CU2*0.02 -> 2 | CW2: =AE2+AJ2+AQ2+AX2+BD2+BN2+BR2+CB2+CE2+CJ2+CN2+CR2+CV2 -> 19.253884
A3: BYC | B3: https://dart.fss.or.kr/dsaf001/main.do?rcpNo=20230316001312 | C3: 001460 | D3: 식약/섬유/종이업 | E3: 봉제의복 제조업 | F3: 메리야스,란제리 제조,도매/건축공사/부동산 임대,분양,공급 | G3: 27547 | H3: 12월 | I3: 김 대 환 | J3: http://home.byc.co.kr | K3: 서울특별시 | L3: 657344581 | M3: 145796846 | N3: 511547734 | O3: 168169259 | P3: 24457946 | Q3: 48325988 | R3: 35650140 | S3: 624615 | T3: 8 | U3: 115140 | V3: =46328+28126+21560+23065+20 -> 119099 | W3: =25621+560+20+32+195+25 -> 26453 | X3: 31230 | Y3: 신한학원 | Z3: =65873+1906+18739+16002+34+128 -> 102682 | AA3: 0 | AB3: =SUM(U3,V3,Z3,W3,X3) -> 394604 | AC3: =(AB3/S3)*100 -> 63.175556 | AD3: =100-(75*(AC3-0.1))/(87-0.1) -> 45.561948 | AE3: =AD3*0.03 -> 1.3668584 | AF3: =(U3+V3)/(S3-T3-AA3)*100 -> 37.501821 | AG3: =(U3+V3+Z3+W3+X3-AA3)/(S3-T3-AA3)*100 -> 63.176365 | AH3: =AG3-AF3 -> 25.674544 | AI3: =IF(AH3<10, 100, IF(AH3<30, 80, IF(AH3<50, 60, IF(AH3<80, 40, IF(AH3<=100, 20))))) -> 80 | AJ3: =AI3*0.04 -> 3.2 | AK3: 6 | AL3: 6 | AM3: 5 | AN3: =SUM(AK3:AL3) -> 12 | AO3: =(AM3/AN3)*100 -> 41.666667 | AP3: =IF(AO3<10, 100, IF(AO3<20, 80, IF(AO3<30, 60, IF(AO3<50, 40, IF(AO3>=50, 20))))) -> 40 | AQ3: =AP3*0.02 -> 0.8 | AR3: 3 | AS3: =IF(L3>=2000000000, 0.5, IF(L3<2000000000, 0.25)) -> 0.25 | AT3: =AK3*AS3 -> 1.5 | AU3: =ROUNDDOWN(AT3,0) -> 1 | AV3: =(AR3-AU3)/AK3*100 -> 33.333333 | AW3: =IF(AV3<0, 20, IF(AV3=0, 40, IF(AV3<20, 60, IF(AV3<40, 80, IF(AV3>=40, 100))))) -> 80 | AX3: =AW3*0.01 -> 0.8 | AY3: 8 | AZ3: =3*5+2*3 -> 21 | BA3: =AR3*AY3 -> 24 | BB3: =(AZ3/BA3)*100 -> 87.5 | BC3: =IF(BB3<70, 25, IF(BB3<80, 50, IF(BB3<90, 75, IF(BB3>=90, 100)))) -> 75 | BD3: =BC3*0.01 -> 0.75 | BE3: 19793253 | BF3: 1476274.3 | BG3: 72540.59 | BH3: =SUM(BE3:BF3) -> 21269527 | BI3: =(BG3/BH3)*100 -> 0.34105408 | BJ3: =IF(D3="금융업(보험)", "금융업", IF(D3="금융업(증권)", "금융업", IF(D3="금융업(종금)", "금융업", D3))) -> 식약/섬유/종이업 | BK3: =AVERAGEIF(BJ:BJ, BJ3, BI:BI) -> 2.1999361 | BL3: =BI3-BK3 -> -1.858882 | BM3: =IF(BL3<-2, 100, IF(BL3<0, 80, IF(BL3<2, 60, IF(BL3<10, 40, 20)))) -> 80 | BN3: =BM3*0.02 -> 1.6 | BO3: 1294493 | BP3: =(BO3/O3)*100 -> 0.76975602 | BQ3: =IF(BP3=0, 25, IF(BP3<0.1, 40, IF(BP3<0.5, 55, IF(BP3<2, 70, IF(BP3<4, 85, IF(BP3>=4, 100)))))) -> 70 | BR3: =BQ3*0.02 -> 1.4 | BS3: 9625686.4 | BT3: 852363.59 | BU3: =BS3-BT3 -> 8773322.8 | BV3: =BU3/O3*100 -> 5.2169599 | BW3: =AVERAGEIF(BJ:BJ, BJ3, BV:BV) -> 5.0508176 | BX3: =(BV3-BW3)^2 -> 0.027603266 | BY3: =SQRT(SUMIF(BJ:BJ, BJ3, BX:BX)/COUNTIF(BJ:BJ, BJ3)) -> 6.9871618 | BZ3: =(1-_xlfn.NORM.DIST(BV3, BW3, BY3, TRUE))*100 -> 49.051475 | CA3: =IF(BZ3<=5, 100, IF(BZ3<=15, 85, IF(BZ3<=35, 70, IF(BZ3<=60, 55, IF(BZ3<=90, 40, 25))))) -> 55 | CB3: =CA3*0.02 -> 1.1 | CC3: =(M3/N3)*100 -> 28.501122 | CD3: =IF((100-(75*(CC3-1)/(200-1)))>100, 100, IF((100-(75*(CC3-1)/(200-1)))<25, 25, (100-(75*(CC3-1)/(200-1))))) -> 89.635255 | CE3: =CD3*0.015 -> 1.3445288 | CF3: 평가제외 | CG3: 평가제외 | CH3: 평가제외 | CI3: 평가제외 | CK3: 미공시 | CL3: F | CM3: =IF(CL3="A", 100, IF(CL3="B", 85, IF(CL3="C", 70, IF(CL3="D", 55, IF(CL3="E", 40, 25))))) -> 25 | CN3: =CM3*0.015 -> 0.375 | CO3: 50000 | CP3: =(CO3/N3)*100 -> 0.0097742589 | CQ3: =IF(CP3<3, 100, IF(CP3<10, 80, IF(CP3<35, 60, IF(CP3<100, 40, IF(CP3>=100, 20))))) -> 100 | CR3: =CQ3*0.03 -> 3 | CS3: =_xlfn.XLOOKUP(C3, '1-1. 관계사체무보증금액 (환율 등)'!$3:$3, '1-1. 관계사체무보증금액 (환율 등)'!$33:$33) -> 15189873 | CT3: =(CS3/N3)*100 -> 2.9693951 | CU3: =IF(CT3<3, 100, IF(CT3<10, 80, IF(CT3<35, 60, IF(CT3<100, 40, 20)))) -> 100 | CV3: =CU3*0.02 -> 2 | CW3: =AE3+AJ3+AQ3+AX3+BD3+BN3+BR3+CB3+CE3+CJ3+CN3+CR3+CV3 -> 17.736387
A4: CJ대한통운 | B4: https://dart.fss.or.kr/dsaf001/main.do?rcpNo=20230317000857 | C4: 000120 | D4: 비제조/서비스업 | E4: 도로 화물 운송업 | F4: Contract Logistics, 포워딩, 항만하역, 해운, 택배국제특송, SCM Consulting | G4: 20638 | H4: 12월 | I4: 강신호,민영학(각자대표) | J4: http://www.cjlogistics.com | K4: 서울특별시 | L4: 7825113458 | M4: 4398363795 | N4: 3426749663 | O4: 8214653866 | P4: 262723385 | Q4: 247777952 | R4: 200576209 | S4: 22812344 | T4: 2867456 | U4: 9162522 | V4: 0 | W4: =800+2000 -> 2800 | X4: 0 | Z4: 0 | AA4: 0 | AB4: =SUM(U4,V4,Z4,W4,X4) -> 9165322 | AC4: =(AB4/S4)*100 -> 40.177029 | AD4: =100-(75*(AC4-0.1))/(87-0.1) -> 65.41108 | AE4: =AD4*0.03 -> 1.9623324 | AF4: =(U4+V4)/(S4-T4-AA4)*100 -> 45.9392 | AG4: =(U4+V4+Z4+W4+X4-AA4)/(S4-T4-AA4)*100 -> 45.953239 | AH4: =AG4-AF4 -> 0.014038685 | AI4: =IF(AH4<10, 100, IF(AH4<30, 80, IF(AH4<50, 60, IF(AH4<80, 40, IF(AH4<=100, 20))))) -> 100 | AJ4: =AI4*0.04 -> 4 | AK4: 7 | AL4: 66 | AM4: 0 | AN4: =SUM(AK4:AL4) -> 73 | AO4: =(AM4/AN4)*100 -> 0 | AP4: =IF(AO4<10, 100, IF(AO4<20, 80, IF(AO4<30, 60, IF(AO4<50, 40, IF(AO4>=50, 20))))) -> 100 | AQ4: =AP4*0.02 -> 2 | AR4: 4 | AS4: =IF(L4>=2000000000, 0.5, IF(L4<2000000000, 0.25)) -> 0.5 | AT4: =AK4*AS4 -> 3.5 | AU4: =ROUNDDOWN(AT4,0) -> 3 | AV4: =(AR4-AU4)/AK4*100 -> 14.285714 | AW4: =IF(AV4<0, 20, IF(AV4=0, 40, IF(AV4<20, 60, IF(AV4<40, 80, IF(AV4>=40, 100))))) -> 60 | AX4: =AW4*0.01 -> 0.6 | AY4: 8 | AZ4: 32 | BA4: =AR4*AY4 -> 32 | BB4: =(AZ4/BA4)*100 -> 100 | BC4: =IF(BB4<70, 25, IF(BB4<80, 50, IF(BB4<90, 75, IF(BB4>=90, 100)))) -> 100 | BD4: =BC4*0.01 -> 1 | BE4: 186921979 | BF4: 15773356 | BG4: 4026318 | BH4: =SUM(BE4:BF4) -> 202695335 | BI4: =(BG4/BH4)*100 -> 1.9863891 | BJ4: =IF(D4="금융업(보험)", "금융업", IF(D4="금융업(증권)", "금융업", IF(D4="금융업(종금)", "금융업", D4))) -> 비제조/서비스업 | BK4: =AVERAGEIF(BJ:BJ, BJ4, BI:BI) -> 1.7464435 | BL4: =BI4-BK4 -> 0.23994562 | BM4: =IF(BL4<-2, 100, IF(BL4<0, 80, IF(BL4<2, 60, IF(BL4<10, 40, 20)))) -> 60 | BN4: =BM4*0.02 -> 1.2 | BO4: 0 | BP4: =(BO4/O4)*100 -> 0 | BQ4: =IF(BP4=0, 25, IF(BP4<0.1, 40, IF(BP4<0.5, 55, IF(BP4<2, 70, IF(BP4<4, 85, IF(BP4>=4, 100)))))) -> 25 | BR4: =BQ4*0.02 -> 0.5 | BS4: 2.0740612e+08 | BT4: 13646107 | BU4: =BS4-BT4 -> 1.9376002e+08 | BV4: =BU4/O4*100 -> 2.3587119 | BW4: =AVERAGEIF(BJ:BJ, BJ4, BV:BV) -> 2.8482825 | BX4: =(BV4-BW4)^2 -> 0.23967942 | BY4: =SQRT(SUMIF(BJ:BJ, BJ4, BX:BX)/COUNTIF(BJ:BJ, BJ4)) -> 5.5697596 | BZ4: =(1-_xlfn.NORM.DIST(BV4, BW4, BY4, TRUE))*100 -> 53.502112 | CA4: =IF(BZ4<=5, 100, IF(BZ4<=15, 85, IF(BZ4<=35, 70, IF(BZ4<=60, 55, IF(BZ4<=90, 40, 25))))) -> 55 | CB4: =CA4*0.02 -> 1.1 | CC4: =(M4/N4)*100 -> 128.35381 | CD4: =IF((100-(75*(CC4-1)/(200-1)))>100, 100, IF((100-(75*(CC4-1)/(200-1)))<25, 25, (100-(75*(CC4-1)/(200-1))))) -> 52.002332 | CE4: =CD4*0.015 -> 0.78003499 | CF4: 평가제외 | CG4: 평가제외 | CH4: 평가제외 | CI4: 평가제외 | CK4: A1, AA- | CL4: B | CM4: =IF(CL4="A", 100, IF(CL4="B", 85, IF(CL4="C", 70, IF(CL4="D", 55, IF(CL4="E", 40, 25))))) -> 85 | CN4: =CM4*0.015 -> 1.275 | CO4: =220400+326898+11698303+5000000+248288906+9299119+76869504+138402431+1443622+35330+10037884+111951016+57778363+65159018 -> 736510794 | CP4: =(CO4/N4)*100 -> 21.492985 | CQ4: =IF(CP4<3, 100, IF(CP4<10, 80, IF(CP4<35, 60, IF(CP4<100, 40, IF(CP4>=100, 20))))) -> 60 | CR4: =CQ4*0.03 -> 1.8 | CS4: =_xlfn.XLOOKUP(C4, '1-1. 관계사체무보증금액 (환율 등)'!$3:$3, '1-1. 관계사체무보증금액 (환율 등)'!$33:$33) -> 75200000 | CT4: =(CS4/N4)*100 -> 2.1944994 | CU4: =IF(CT4<3, 100, IF(CT4<10, 80, IF(CT4<35, 60, IF(CT4<100, 40, 20)))) -> 100 | CV4: =CU4*0.02 -> 2 | CW4: =AE4+AJ4+AQ4+AX4+BD4+BN4+BR4+CB4+CE4+CJ4+CN4+CR4+CV4 -> 18.217367
A5: CJ씨푸드 | B5: https://dart.fss.or.kr/dsaf001/main.do?rcpNo=20230320000740 | C5: 011150 | D5: 식약/섬유/종이업 | E5: 기타 식품 제조업 | F5: 수산물(어묵,맛살)가공품 도매,원양수산업,수출입 | G5: 32473 | H5: 12월 | I5: 김정웅, 박태준(각자대표) | J5: http://www.cjseafood.net | K5: 경기도 | L5: 143409087 | M5: 67719807 | N5: 75689279 | O5: 152701472 | P5: 4135028 | Q5: 6675009 | R5: 7419861 | S5: =35931*1000 -> 35931000 | T5: 0 | U5: =16714*1000 -> 16714000 | V5: 0 | W5: 0 | X5: 0 | Z5: 0 | AA5: 0 | AB5: =SUM(U5,V5,Z5,W5,X5) -> 16714000 | AC5: =(AB5/S5)*100 -> 46.516935 | AD5: =100-(75*(AC5-0.1))/(87-0.1) -> 59.939354 | AE5: =AD5*0.03 -> 1.7981806 | AF5: =(U5+V5)/(S5-T5-AA5)*100 -> 46.516935 | AG5: =(U5+V5+Z5+W5+X5-AA5)/(S5-T5-AA5)*100 -> 46.516935 | AH5: =AG5-AF5 -> 0 | AI5: =IF(AH5<10, 100, IF(AH5<30, 80, IF(AH5<50, 60, IF(AH5<80, 40, IF(AH5<=100, 20))))) -> 100 | AJ5: =AI5*0.04 -> 4 | AK5: 4 | AL5: 1 | AM5: 0 | AN5: =SUM(AK5:AL5) -> 5 | AO5: =(AM5/AN5)*100 -> 0 | AP5: =IF(AO5<10, 100, IF(AO5<20, 80, IF(AO5<30, 60, IF(AO5<50, 40, IF(AO5>=50, 20))))) -> 100 | AQ5: =AP5*0.02 -> 2 | AR5: 1 | AS5: =IF(L5>=2000000000, 0.5, IF(L5<2000000000, 0.25)) -> 0.25 | AT5: =AK5*AS5 -> 1 | AU5: =ROUNDDOWN(AT5,0) -> 1 | AV5: =(AR5-AU5)/AK5*100 -> 0 | AW5: =IF(AV5<0, 20, IF(AV5=0, 40, IF(AV5<20, 60, IF(AV5<40, 80, IF(AV5>=40, 100))))) -> 40 | AX5: =AW5*0.01 -> 0.4 | AY5: 13 | AZ5: 13 | BA5: =AR5*AY5 -> 13 | BB5: =(AZ5/BA5)*100 -> 100 | BC5: =IF(BB5<70, 25, IF(BB5<80, 50, IF(BB5<90, 75, IF(BB5>=90, 100)))) -> 100 | BD5: =BC5*0.01 -> 1 | BE5: 4489654 | BF5: 404120 | BG5: 0 | BH5: =SUM(BE5:BF5) -> 4893774 | BI5: =(BG5/BH5)*100 -> 0 | BJ5: =IF(D5="금융업(보험)", "금융업", IF(D5="금융업(증권)", "금융업", IF(D5="금융업(종금)", "금융업", D5))) -> 식약/섬유/종이업 | BK5: =AVERAGEIF(BJ:BJ, BJ5, BI:BI) -> 2.1999361 | BL5: =BI5-BK5 -> -2.1999361 | BM5: =IF(BL5<-2, 100, IF(BL5<0, 80, IF(BL5<2, 60, IF(BL5<10, 40, 20)))) -> 100 | BN5: =BM5*0.02 -> 2 | BO5: 141974 | BP5: =(BO5/O5)*100 -> 0.092974873 | BQ5: =IF(BP5=0, 25, IF(BP5<0.1, 40, IF(BP5<0.5, 55, IF(BP5<2, 70, IF(BP5<4, 85, IF(BP5>=4, 100)))))) -> 40 | BR5: =BQ5*0.02 -> 0.8 | BS5: 2249707 | BT5: 262842 | BU5: =BS5-BT5 -> 1986865 | BV5: =BU5/O5*100 -> 1.3011433 | BW5: =AVERAGEIF(BJ:BJ, BJ5, BV:BV) -> 5.0508176 | BX5: =(BV5-BW5)^2 -> 14.060057 | BY5: =SQRT(SUMIF(BJ:BJ, BJ5, BX:BX)/COUNTIF(BJ:BJ, BJ5)) -> 6.9871618 | BZ5: =(1-_xlfn.NORM.DIST(BV5, BW5, BY5, TRUE))*100 -> 70.424599 | CA5: =IF(BZ5<=5, 100, IF(BZ5<=15, 85, IF(BZ5<=35, 70, IF(BZ5<=60, 55, IF(BZ5<=90, 40, 25))))) -> 40 | CB5: =CA5*0.02 -> 0.8 | CC5: =(M5/N5)*100 -> 89.470805 | CD5: =IF((100-(75*(CC5-1)/(200-1)))>100, 100, IF((100-(75*(CC5-1)/(200-1)))<25, 25, (100-(75*(CC5-1)/(200-1))))) -> 66.656732 | CE5: =CD5*0.015 -> 0.99985098 | CF5: 평가제외 | CG5: 평가제외 | CH5: 평가제외 | CI5: 평가제외 | CK5: A- | CL5: D | CM5: =IF(CL5="A", 100, IF(CL5="B", 85, IF(CL5="C", 70, IF(CL5="D", 55, IF(CL5="E", 40, 25))))) -> 55 | CN5: =CM5*0.015 -> 0.825 | CO5: 0 | CP5: =(CO5/N5)*100 -> 0 | CQ5: =IF(CP5<3, 100, IF(CP5<10, 80, IF(CP5<35, 60, IF(CP5<100, 40, IF(CP5>=100, 20))))) -> 100 | CR5: =CQ5*0.03 -> 3 | CS5: =_xlfn.XLOOKUP(C5, '1-1. 관계사체무보증금액 (환율 등)'!$3:$3, '1-1. 관계사체무보증금액 (환율 등)'!$33:$33) -> 0 | CT5: =(CS5/N5)*100 -> 0 | CU5: =IF(CT5<3, 100, IF(CT5<10, 80, IF(CT5<35, 60, IF(CT5<100, 40, 20)))) -> 100 | CV5: =CU5*0.02 -> 2 | CW5: =AE5+AJ5+AQ5+AX5+BD5+BN5+BR5+CB5+CE5+CJ5+CN5+CR5+CV5 -> 19.623032
A6: CJ제일제당 | B6: https://dart.fss.or.kr/dsaf001/main.do?rcpNo=20230814001661 | C6: 097950 | D6: 식약/섬유/종이업 | E6: 기타 식품 제조업 | F6: 설탕,소맥분,조미식품,육가공식품(돈육,돼지비계,돼지식용설육),대두가공식품,사료,의약품,생활화학제품 제조,도매,무역/통신판매 | G6: 39353 | H6: 12월 | I6: 손경식, 최은석 (각자 대표이사) | J6: http://www.cj.co.kr | K6: 서울특별시 | L6: 11450867716 | M6: 6158689194 | N6: 5292178522 | O6: 7842662871 | P6: 405033974 | Q6: 333649782 | R6: 265820089 | S6: 15054186 | T6: 357303 | U6: 6707016 | V6: =70931+22015 -> 92946 | W6: =5491 -> 5491 | X6: =30351+7844 -> 38195 | Y6: CJ나눔재단; CJ문화재단 | Z6: 0 | AA6: 0 | AB6: =SUM(U6,V6,Z6,W6,X6) -> 6843648 | AC6: =(AB6/S6)*100 -> 45.4601 | AD6: =100-(75*(AC6-0.1))/(87-0.1) -> 60.851467 | AE6: =AD6*0.03 -> 1.825544 | AF6: =(U6+V6)/(S6-T6-AA6)*100 -> 46.268056 | AG6: =(U6+V6+Z6+W6+X6-AA6)/(S6-T6-AA6)*100 -> 46.565302 | AH6: =AG6-AF6 -> 0.2972467 | AI6: =IF(AH6<10, 100, IF(AH6<30, 80, IF(AH6<50, 60, IF(AH6<80, 40, IF(AH6<=100, 20))))) -> 100 | AJ6: =AI6*0.04 -> 4 | AK6: 7 | AL6: 124 | AM6: 1 | AN6: =SUM(AK6:AL6) -> 131 | AO6: =(AM6/AN6)*100 -> 0.76335878 | AP6: =IF(AO6<10, 100, IF(AO6<20, 80, IF(AO6<30, 60, IF(AO6<50, 40, IF(AO6>=50, 20))))) -> 100 | AQ6: =AP6*0.02 -> 2 | AR6: 4 | AS6: =IF(L6>=2000000000, 0.5, IF(L6<2000000000, 0.25)) -> 0.5 | AT6: =AK6*AS6 -> 3.5 | AU6: =ROUNDDOWN(AT6,0) -> 3 | AV6: =(AR6-AU6)/AK6*100 -> 14.285714 | AW6: =IF(AV6<0, 20, IF(AV6=0, 40, IF(AV6<20, 60, IF(AV6<40, 80, IF(AV6>=40, 100))))) -> 60 | AX6: =AW6*0.01 -> 0.6 | AY6: 10 | AZ6: =3*10+9 -> 39 | BA6: =AR6*AY6 -> 40 | BB6: =(AZ6/BA6)*100 -> 97.5 | BC6: =IF(BB6<70, 25, IF(BB6<80, 50, IF(BB6<90, 75, IF(BB6>=90, 100)))) -> 100 | BD6: =BC6*0.01 -> 1 | BE6: 413644637 | BF6: 35354329 | BG6: 0 | BH6: =SUM(BE6:BF6) -> 448998966 | BI6: =(BG6/BH6)*100 -> 0 | BJ6: =IF(D6="금융업(보험)", "금융업", IF(D6="금융업(증권)", "금융업", IF(D6="금융업(종금)", "금융업", D6))) -> 식약/섬유/종이업 | BK6: =AVERAGEIF(BJ:BJ, BJ6, BI:BI) -> 2.1999361 | BL6: =BI6-BK6 -> -2.1999361 | BM6: =IF(BL6<-2, 100, IF(BL6<0, 80, IF(BL6<2, 60, IF(BL6<10, 40, 20)))) -> 100 | BN6: =BM6*0.02 -> 2 | BO6: 218745000 | BP6: =(BO6/O6)*100 -> 2.7891674 | BQ6: =IF(BP6=0, 25, IF(BP6<0.1, 40, IF(BP6<0.5, 55, IF(BP6<2, 70, IF(BP6<4, 85, IF(BP6>=4, 100)))))) -> 85 | BR6: =BQ6*0.02 -> 1.7 | BS6: 213596218 | BT6: 6644041 | BU6: =BS6-BT6 -> 206952177 | BV6: =BU6/O6*100 -> 2.6387999 | BW6: =AVERAGEIF(BJ:BJ, BJ6, BV:BV) -> 5.0508176 | BX6: =(BV6-BW6)^2 -> 5.8178296 | BY6: =SQRT(SUMIF(BJ:BJ, BJ6, BX:BX)/COUNTIF(BJ:BJ, BJ6)) -> 6.9871618 | BZ6: =(1-_xlfn.NORM.DIST(BV6, BW6, BY6, TRUE))*100 -> 63.503065 | CA6: =IF(BZ6<=5, 100, IF(BZ6<=15, 85, IF(BZ6<=35, 70, IF(BZ6<=60, 55, IF(BZ6<=90, 40, 25))))) -> 40 | CB6: =CA6*0.02 -> 0.8 | CC6: =(M6/N6)*100 -> 116.37342 | CD6: =IF((100-(75*(CC6-1)/(200-1)))>100, 100, IF((100-(75*(CC6-1)/(200-1)))<25, 25, (100-(75*(CC6-1)/(200-1))))) -> 56.517555 | CE6: =CD6*0.015 -> 0.84776332 | CF6: 평가제외 | CG6: 평가제외 | CH6: 평가제외 | CI6: 평가제외 | CK6: A1, AA | CL6: A | CM6: =IF(CL6="A", 100, IF(CL6="B", 85, IF(CL6="C", 70, IF(CL6="D", 55, IF(CL6="E", 40, 25))))) -> 100 | CN6: =CM6*0.015 -> 1.5 | CO6: =19995000+1528234000+789000+10498000+8613000+277765000+74825000+56786000+127807000+158000+150000+76552000+8483000+564000+162933000+260605000+6536000+8452000+16449000+1791000+238077000+10825000+1485232000+48507000+59894000+14387000+184000+208455000 -> 4713546000 | CP6: =(CO6/N6)*100 -> 89.06627 | CQ6: =IF(CP6<3, 100, IF(CP6<10, 80, IF(CP6<35, 60, IF(CP6<100, 40, IF(CP6>=100, 20))))) -> 40 | CR6: =CQ6*0.03 -> 1.2 | CS6: =_xlfn.XLOOKUP(C6, '1-1. 관계사체무보증금액 (환율 등)'!$3:$3, '1-1. 관계사체무보증금액 (환율 등)'!$33:$33) -> 5.2685813e+09 | CT6: =(CS6/N6)*100 -> 99.554112 | CU6: =IF(CT6<3, 100, IF(CT6<10, 80, IF(CT6<35, 60, IF(CT6<100, 40, 20)))) -> 40 | CV6: =CU6*0.02 -> 0.8 | CW6: =AE6+AJ6+AQ6+AX6+BD6+BN6+BR6+CB6+CE6+CJ6+CN6+CR6+CV6 -> 18.273307
A7: DB | B7: https://dart.fss.or.kr/dsaf001/main.do?rcpNo=20230321001132 | C7: 012030 | D7: 비제조/서비스업 | E7: 컴퓨터 프로그래밍, 시스템 통합 및 관리업 | F7: 컴퓨터 프로그래밍, 시스템 통합 및 관리 | G7: 33975 | H7: 12월 | I7: 문덕식,강운식 (각자 대표이사) | J7: http://www.dbinc.co.kr | K7: 서울특별시 | L7: 428747549 | M7: 121241747 | N7: 307505802 | O7: 347588559 | P7: 12401397 | Q7: 14089238 | R7: 10922265 | S7: 201173933 | T7: 10143400 | U7: 33856750 | V7: =31997041+19861669+141160+286650+647910+573330+286650+120000+64580+37290+149160 -> 54165440 | W7: =7000+175500+7030+23540+10000 -> 223070 | X7: 0 | Z7: 0 | AA7: 0 | AB7: =SUM(U7,V7,Z7,W7,X7) -> 88245260 | AC7: =(AB7/S7)*100 -> 43.865156 | AD7: =100-(75*(AC7-0.1))/(87-0.1) -> 62.228001 | AE7: =AD7*0.03 -> 1.86684 | AF7: =(U7+V7)/(S7-T7-AA7)*100 -> 46.07755 | AG7: =(U7+V7+Z7+W7+X7-AA7)/(S7-T7-AA7)*100 -> 46.194322 | AH7: =AG7-AF7 -> 0.11677191 | AI7: =IF(AH7<10, 100, IF(AH7<30, 80, IF(AH7<50, 60, IF(AH7<80, 40, IF(AH7<=100, 20))))) -> 100 | AJ7: =AI7*0.04 -> 4 | AK7: 6 | AL7: 12 | AM7: 3 | AN7: =SUM(AK7:AL7) -> 18 | AO7: =(AM7/AN7)*100 -> 16.666667 | AP7: =IF(AO7<10, 100, IF(AO7<20, 80, IF(AO7<30, 60, IF(AO7<50, 40, IF(AO7>=50, 20))))) -> 80 | AQ7: =AP7*0.02 -> 1.6 | AR7: 3 | AS7: =IF(L7>=2000000000, 0.5, IF(L7<2000000000, 0.25)) -> 0.25 | AT7: =AK7*AS7 -> 1.5 | AU7: =ROUNDDOWN(AT7,0) -> 1 | AV7: =(AR7-AU7)/AK7*100 -> 33.333333 | AW7: =IF(AV7<0, 20, IF(AV7=0, 40, IF(AV7<20, 60, IF(AV7<40, 80, IF(AV7>=40, 100))))) -> 80 | AX7: =AW7*0.01 -> 0.8 | AY7: 5 | AZ7: 15 | BA7: =AR7*AY7 -> 15 | BB7: =(AZ7/BA7)*100 -> 100 | BC7: =IF(BB7<70, 25, IF(BB7<80, 50, IF(BB7<90, 75, IF(BB7>=90, 100)))) -> 100 | BD7: =BC7*0.01 -> 1 | BE7: 34040504 | BF7: 2466355 | BG7: 0 | BH7: =SUM(BE7:BF7) -> 36506859 | BI7: =(BG7/BH7)*100 -> 0 | BJ7: =IF(D7="금융업(보험)", "금융업", IF(D7="금융업(증권)", "금융업", IF(D7="금융업(종금)", "금융업", D7))) -> 비제조/서비스업 | BK7: =AVERAGEIF(BJ:BJ, BJ7, BI:BI) -> 1.7464435 | BL7: =BI7-BK7 -> -1.7464435 | BM7: =IF(BL7<-2, 100, IF(BL7<0, 80, IF(BL7<2, 60, IF(BL7<10, 40, 20)))) -> 80 | BN7: =BM7*0.02 -> 1.6 | BO7: 0 | BP7: =(BO7/O7)*100 -> 0 | BQ7: =IF(BP7=0, 25, IF(BP7<0.1, 40, IF(BP7<0.5, 55, IF(BP7<2, 70, IF(BP7<4, 85, IF(BP7>=4, 100)))))) -> 25 | BR7: =BQ7*0.02 -> 0.5 | BS7: 666066.11 | BT7: 5203 | BU7: =BS7-BT7 -> 660863.11 | BV7: =BU7/O7*100 -> 0.19012798 | BW7: =AVERAGEIF(BJ:BJ, BJ7, BV:BV) -> 2.8482825 | BX7: =(BV7-BW7)^2 -> 7.0657857 | BY7: =SQRT(SUMIF(BJ:BJ, BJ7, BX:BX)/COUNTIF(BJ:BJ, BJ7)) -> 5.5697596 | BZ7: =(1-_xlfn.NORM.DIST(BV7, BW7, BY7, TRUE))*100 -> 68.34071 | CA7: =IF(BZ7<=5, 100, IF(BZ7<=15, 85, IF(BZ7<=35, 70, IF(BZ7<=60, 55, IF(BZ7<=90, 40, 25))))) -> 40 | CB7: =CA7*0.02 -> 0.8 | CC7: =(M7/N7)*100 -> 39.427466 | CD7: =IF((100-(75*(CC7-1)/(200-1)))>100, 100, IF((100-(75*(CC7-1)/(200-1)))<25, 25, (100-(75*(CC7-1)/(200-1))))) -> 85.517287 | CE7: =CD7*0.015 -> 1.2827593 | CF7: 평가제외 | CG7: 평가제외 | CH7: 평가제외 | CI7: 평가제외 | CK7: 미평가 | CL7: F | CM7: =IF(CL7="A", 100, IF(CL7="B", 85, IF(CL7="C", 70, IF(CL7="D", 55, IF(CL7="E", 40, 25))))) -> 25 | CN7: =CM7*0.015 -> 0.375 | CO7: 318139000 | CP7: =(CO7/N7)*100 -> 103.45789 | CQ7: =IF(CP7<3, 100, IF(CP7<10, 80, IF(CP7<35, 60, IF(CP7<100, 40, IF(CP7>=100, 20))))) -> 20 | CR7: =CQ7*0.03 -> 0.6 | CS7: =_xlfn.XLOOKUP(C7, '1-1. 관계사체무보증금액 (환율 등)'!$3:$3, '1-1. 관계사체무보증금액 (환율 등)'!$33:$33) -> 0 | CT7: =(CS7/N7)*100 -> 0 | CU7: =IF(CT7<3, 100, IF(CT7<10, 80, IF(CT7<35, 60, IF(CT7<100, 40, 20)))) -> 100 | CV7: =CU7*0.02 -> 2 | CW7: =AE7+AJ7+AQ7+AX7+BD7+BN7+BR7+CB7+CE7+CJ7+CN7+CR7+CV7 -> 16.424599
A8: DB손해보험 | B8: https://dart.fss.or.kr/dsaf001/main.do?rcpNo=20230831001199 | C8: 005830 | D8: 금융업(보험) | E8: 보험업 | F8: 자동차보험,화재보험,해상보험,특종보험,장기보험 | G8: 26843 | H8: 12월 | I8: 김정남, 정종표 | J8: http://www.idbins.com | K8: 서울특별시 | L8: 50491197385 | M8: 45440998151 | N8: 5050199234 | O8: 14569718977 | P8: 1292467004 | Q8: 1295672581 | R8: 980567336 | S8: 70800000 | T8: 10756531 | U8: 6379520 | V8: =4208500+2229640 -> 6438140 | W8: =73000+1500+210+2934+400+80+3938+500+300+200+606+1000+400+270+245+1000+55+80 -> 86718 | X8: 3539070 | Y8: DB김준기문화재단 | Z8: 0 | AA8: 0 | AB8: =SUM(U8,V8,Z8,W8,X8) -> 16443448 | AC8: =(AB8/S8)*100 -> 23.225209 | AD8: =100-(75*(AC8-0.1))/(87-0.1) -> 80.041534 | AE8: =AD8*0.04 -> 3.2016614 | AF8: =(U8+V8)/(S8-T8-AA8)*100 -> 21.347301 | AG8: =(U8+V8+Z8+W8+X8-AA8)/(S8-T8-AA8)*100 -> 27.385906 | AH8: =AG8-AF8 -> 6.0386051 | AI8: =IF(AH8<10, 100, IF(AH8<30, 80, IF(AH8<50, 60, IF(AH8<80, 40, IF(AH8<=100, 20))))) -> 100 | AJ8: =AI8*0.05 -> 5 | AK8: 5 | AL8: 58 | AM8: 0 | AN8: =SUM(AK8:AL8) -> 63 | AO8: =(AM8/AN8)*100 -> 0 | AP8: =IF(AO8<10, 100, IF(AO8<20, 80, IF(AO8<30, 60, IF(AO8<50, 40, IF(AO8>=50, 20))))) -> 100 | AQ8: =AP8*0.03 -> 3 | AR8: 3 | AS8: =IF(L8>=2000000000, 0.5, IF(L8<2000000000, 0.25)) -> 0.5 | AT8: =AK8*AS8 -> 2.5 | AU8: =ROUNDDOWN(AT8,0) -> 2 | AV8: =(AR8-AU8)/AK8*100 -> 20 | AW8: =IF(AV8<0, 20, IF(AV8=0, 40, IF(AV8<20, 60, IF(AV8<40, 80, IF(AV8>=40, 100))))) -> 80 | AX8: =AW8*0.02 -> 1.6 | AY8: 7 | AZ8: 21 | BA8: =AR8*AY8 -> 21 | BB8: =(AZ8/BA8)*100 -> 100 | BC8: =IF(BB8<70, 25, IF(BB8<80, 50, IF(BB8<90, 75, IF(BB8>=90, 100)))) -> 100 | BD8: =BC8*0.02 -> 2 | BE8: 349008000 | BF8: 20589000 | BG8: 0 | BH8: =SUM(BE8:BF8) -> 369597000 | BI8: =(BG8/BH8)*100 -> 0 | BJ8: =IF(D8="금융업(보험)", "금융업", IF(D8="금융업(증권)", "금융업", IF(D8="금융업(종금)", "금융업", D8))) -> 금융업 | BK8: =AVERAGEIF(BJ:BJ, BJ8, BI:BI) -> 2.7106886 | BL8: =BI8-BK8 -> -2.7106886 | BM8: =IF(BL8<-2, 100, IF(BL8<0, 80, IF(BL8<2, 60, IF(BL8<10, 40, 20)))) -> 100 | BN8: =BM8*0.02 -> 2 | BO8: 0 | BP8: =(BO8/O8)*100 -> 0 | BQ8: =IF(BP8=0, 25, IF(BP8<0.1, 40, IF(BP8<0.5, 55, IF(BP8<2, 70, IF(BP8<4, 85, IF(BP8>=4, 100)))))) -> 25 | BR8: =BQ8*0.01 -> 0.25 | BS8: 36062414 | BT8: 135483.57 | BU8: =BS8-BT8 -> 35926930 | BV8: =BU8/O8*100 -> 0.2465863 | BW8: =AVERAGEIF(BJ:BJ, BJ8, BV:BV) -> 0.39407896 | BX8: =(BV8-BW8)^2 -> 0.021754087 | BY8: =SQRT(SUMIF(BJ:BJ, BJ8, BX:BX)/COUNTIF(BJ:BJ, BJ8)) -> 1.5698938 | BZ8: =(1-_xlfn.NORM.DIST(BV8, BW8, BY8, TRUE))*100 -> 53.742585 | CA8: =IF(BZ8<=5, 100, IF(BZ8<=15, 85, IF(BZ8<=35, 70, IF(BZ8<=60, 55, IF(BZ8<=90, 40, 25))))) -> 55 | CB8: =CA8*0.02 -> 1.1 | CC8: 평가대상 제외 | CD8: 평가대상 제외 | CF8: 해당없음 | CG8: 해당없음 | CH8: 0.11 | CI8: =IF((100-(75*(CH8-10)/40))>100, 100, IF((100-(75*(CH8-10)/40))<25, 25, (100-(75*(CH8-10)/40)))) -> 100 | CJ8: =CI8*0.04 -> 4 | CK8: A | CL8: D | CM8: =IF(CL8="A", 100, IF(CL8="B", 85, IF(CL8="C", 70, IF(CL8="D", 55, IF(CL8="E", 40, 25))))) -> 55 | CN8: =CM8*0.03 -> 1.65 | CO8: =51529000+474045000+1000000+200000+200000+300000+108012000+23000000+848000+678000+2487000 -> 662299000 | CP8: =(CO8/N8)*100 -> 13.114314 | CQ8: =IF(CP8<3, 100, IF(CP8<10, 80, IF(CP8<35, 60, IF(CP8<100, 40, IF(CP8>=100, 20))))) -> 60 | CR8: =CQ8*0.04 -> 2.4 | CS8: =_xlfn.XLOOKUP(C8, '1-1. 관계사체무보증금액 (환율 등)'!$3:$3, '1-1. 관계사체무보증금액 (환율 등)'!$33:$33) -> 0 | CT8: =(CS8/N8)*100 -> 0 | CU8: =IF(CT8<3, 100, IF(CT8<10, 80, IF(CT8<35, 60, IF(CT8<100, 40, 20)))) -> 100 | CV8: =CU8*0.03 -> 3 | CW8: =AE8+AJ8+AQ8+AX8+BD8+BN8+BR8+CB8+CE8+CJ8+CN8+CR8+CV8 -> 29.201661
A9: DL | B9: https://dart.fss.or.kr/dsaf001/main.do?rcpNo=20230728000644 | C9: 000210 | D9: 금속/비금속/화학업 | E9: 기초 화학물질 제조업 | F9: 지주회사 | G9: 27792 | H9: 12월 | I9: 김종현 | J9: http://www.dlholdings.co.kr | K9: 서울특별시 | L9: 3649116385 | M9: 587165440 | N9: 3061950944 | O9: 223739892 | P9: 195878366 | Q9: 167506991 | R9: 146629624 | S9: 20955884 | T9: 25156 | U9: 8860723 | V9: =5505+12868+9639+21 -> 28033 | W9: 0 | X9: 194976 | Y9: (학)대림학원 | Z9: 0 | AA9: 0 | AB9: =SUM(U9,V9,Z9,W9,X9) -> 9083732 | AC9: =(AB9/S9)*100 -> 43.346928 | AD9: =100-(75*(AC9-0.1))/(87-0.1) -> 62.675263 | AE9: =AD9*0.03 -> 1.8802579 | AF9: =(U9+V9)/(S9-T9-AA9)*100 -> 42.467496 | AG9: =(U9+V9+Z9+W9+X9-AA9)/(S9-T9-AA9)*100 -> 43.399026 | AH9: =AG9-AF9 -> 0.93152995 | AI9: =IF(AH9<10, 100, IF(AH9<30, 80, IF(AH9<50, 60, IF(AH9<80, 40, IF(AH9<=100, 20))))) -> 100 | AJ9: =AI9*0.04 -> 4 | AK9: 5 | AL9: 8 | AM9: 1 | AN9: =SUM(AK9:AL9) -> 13 | AO9: =(AM9/AN9)*100 -> 7.6923077 | AP9: =IF(AO9<10, 100, IF(AO9<20, 80, IF(AO9<30, 60, IF(AO9<50, 40, IF(AO9>=50, 20))))) -> 100 | AQ9: =AP9*0.02 -> 2 | AR9: 3 | AS9: =IF(L9>=2000000000, 0.5, IF(L9<2000000000, 0.25)) -> 0.5 | AT9: =AK9*AS9 -> 2.5 | AU9: =ROUNDDOWN(AT9,0) -> 2 | AV9: =(AR9-AU9)/AK9*100 -> 20 | AW9: =IF(AV9<0, 20, IF(AV9=0, 40, IF(AV9<20, 60, IF(AV9<40, 80, IF(AV9>=40, 100))))) -> 80 | AX9: =AW9*0.01 -> 0.8 | AY9: 10 | AZ9: 30 | BA9: =AR9*AY9 -> 30 | BB9: =(AZ9/BA9)*100 -> 100 | BC9: =IF(BB9<70, 25, IF(BB9<80, 50, IF(BB9<90, 75, IF(BB9>=90, 100)))) -> 100 | BD9: =BC9*0.01 -> 1 | BE9: 9325000 | BF9: 708000 | BG9: 0 | BH9: =SUM(BE9:BF9) -> 10033000 | BI9: =(BG9/BH9)*100 -> 0 | BJ9: =IF(D9="금융업(보험)", "금융업", IF(D9="금융업(증권)", "금융업", IF(D9="금융업(종금)", "금융업", D9))) -> 금속/비금속/화학업 | BK9: =AVERAGEIF(BJ:BJ, BJ9, BI:BI) -> 3.9534119 | BL9: =BI9-BK9 -> -3.9534119 | BM9: =IF(BL9<-2, 100, IF(BL9<0, 80, IF(BL9<2, 60, IF(BL9<10, 40, 20)))) -> 100 | BN9: =BM9*0.02 -> 2 | BO9: 0 | BP9: =(BO9/O9)*100 -> 0 | BQ9: =IF(BP9=0, 25, IF(BP9<0.1, 40, IF(BP9<0.5, 55, IF(BP9<2, 70, IF(BP9<4, 85, IF(BP9>=4, 100)))))) -> 25 | BR9: =BQ9*0.02 -> 0.5 | BS9: 9294.818 | BT9: 987.367 | BU9: =BS9-BT9 -> 8307.451 | BV9: =BU9/O9*100 -> 0.003712995 | BW9: =AVERAGEIF(BJ:BJ, BJ9, BV:BV) -> 5.1474159 | BX9: =(BV9-BW9)^2 -> 26.457679 | BY9: =SQRT(SUMIF(BJ:BJ, BJ9, BX:BX)/COUNTIF(BJ:BJ, BJ9)) -> 6.6930499 | BZ9: =(1-_xlfn.NORM.DIST(BV9, BW9, BY9, TRUE))*100 -> 77.890908 | CA9: =IF(BZ9<=5, 100, IF(BZ9<=15, 85, IF(BZ9<=35, 70, IF(BZ9<=60, 55, IF(BZ9<=90, 40, 25))))) -> 40 | CB9: =CA9*0.02 -> 0.8 | CC9: =(M9/N9)*100 -> 19.176187 | CD9: =IF((100-(75*(CC9-1)/(200-1)))>100, 100, IF((100-(75*(CC9-1)/(200-1)))<25, 25, (100-(75*(CC9-1)/(200-1))))) -> 93.149678 | CE9: =CD9*0.015 -> 1.3972452 | CF9: 평가제외 | CG9: 평가제외 | CH9: 평가제외 | CI9: 평가제외 | CK9: AA- | CL9: C | CM9: =IF(CL9="A", 100, IF(CL9="B", 85, IF(CL9="C", 70, IF(CL9="D", 55, IF(CL9="E", 40, 25))))) -> 70 | CN9: =CM9*0.015 -> 1.05 | CO9: =1603024000+297135000+252038000+143544000+112165000+57000+18304000+360000+518189000+764000+591000+10311000+27000000 -> 2983482000 | CP9: =(CO9/N9)*100 -> 97.437289 | CQ9: =IF(CP9<3, 100, IF(CP9<10, 80, IF(CP9<35, 60, IF(CP9<100, 40, IF(CP9>=100, 20))))) -> 40 | CR9: =CQ9*0.03 -> 1.2 | CS9: =_xlfn.XLOOKUP(C9, '1-1. 관계사체무보증금액 (환율 등)'!$3:$3, '1-1. 관계사체무보증금액 (환율 등)'!$33:$33) -> 15129000 | CT9: =(CS9/N9)*100 -> 0.49409675 | CU9: =IF(CT9<3, 100, IF(CT9<10, 80, IF(CT9<35, 60, IF(CT9<100, 40, 20)))) -> 100 | CV9: =CU9*0.02 -> 2 | CW9: =AE9+AJ9+AQ9+AX9+BD9+BN9+BR9+CB9+CE9+CJ9+CN9+CR9+CV9 -> 18.627503
A10: DL건설 | B10: https://dart.fss.or.kr/dsaf001/main.do?rcpNo=20230315000019 | C10: 001880 | D10: 비제조/서비스업 | E10: 건물 건설업 | F10: 도로건설공사,토목공사,건축공사,조경공사/부동산 임대,매매 | G10: 28481 | H10: 12월 | I10: 곽수윤 | J10: http://www.dlconstruction.co.kr | K10: 인천광역시 | L10: 1746816808 | M10: 748120989 | N10: 998695819 | O10: 1962419335 | P10: 81072832 | Q10: 84339672 | R10: 55421181 | S10: 22053284 | T10: 4263 | U10: 14100660 | V10: 1188 | W10: =126724+13347 -> 140071 | X10: 130403 | Y10: (학)대림학원 | Z10: 0 | AA10: 0 | AB10: =SUM(U10,V10,Z10,W10,X10) -> 14372322 | AC10: =(AB10/S10)*100 -> 65.170892 | AD10: =100-(75*(AC10-0.1))/(87-0.1) -> 43.839851 | AE10: =AD10*0.03 -> 1.3151955 | AF10: =(U10+V10)/(S10-T10-AA10)*100 -> 63.956799 | AG10: =(U10+V10+Z10+W10+X10-AA10)/(S10-T10-AA10)*100 -> 65.183493 | AH10: =AG10-AF10 -> 1.2266939 | AI10: =IF(AH10<10, 100, IF(AH10<30, 80, IF(AH10<50, 60, IF(AH10<80, 40, IF(AH10<=100, 20))))) -> 100 | AJ10: =AI10*0.04 -> 4 | AK10: 5 | AL10: 24 | AM10: 0 | AN10: =SUM(AK10:AL10) -> 29 | AO10: =(AM10/AN10)*100 -> 0 | AP10: =IF(AO10<10, 100, IF(AO10<20, 80, IF(AO10<30, 60, IF(AO10<50, 40, IF(AO10>=50, 20))))) -> 100 | AQ10: =AP10*0.02 -> 2 | AR10: 1 | AS10: =IF(L10>=2000000000, 0.5, IF(L10<2000000000, 0.25)) -> 0.25 | AT10: =AK10*AS10 -> 1.25 | AU10: =ROUNDDOWN(AT10,0) -> 1 | AV10: =(AR10-AU10)/AK10*100 -> 0 | AW10: =IF(AV10<0, 20, IF(AV10=0, 40, IF(AV10<20, 60, IF(AV10<40, 80, IF(AV10>=40, 100))))) -> 40 | AX10: =AW10*0.01 -> 0.4 | AY10: 29 | AZ10: 29 | BA10: =AR10*AY10 -> 29 | BB10: =(AZ10/BA10)*100 -> 100 | BC10: =IF(BB10<70, 25, IF(BB10<80, 50, IF(BB10<90, 75, IF(BB10>=90, 100)))) -> 100 | BD10: =BC10*0.01 -> 1 | BE10: 36788000 | BF10: 2051000 | BG10: 159000 | BH10: =SUM(BE10:BF10) -> 38839000 | BI10: =(BG10/BH10)*100 -> 0.40938232 | BJ10: =IF(D10="금융업(보험)", "금융업", IF(D10="금융업(증권)", "금융업", IF(D10="금융업(종금)", "금융업", D10))) -> 비제조/서비스업 | BK10: =AVERAGEIF(BJ:BJ, BJ10, BI:BI) -> 1.7464435 | BL10: =BI10-BK10 -> -1.3370611 | BM10: =IF(BL10<-2, 100, IF(BL10<0, 80, IF(BL10<2, 60, IF(BL10<10, 40, 20)))) -> 80 | BN10: =BM10*0.02 -> 1.6 | BO10: 0 | BP10: =(BO10/O10)*100 -> 0 | BQ10: =IF(BP10=0, 25, IF(BP10<0.1, 40, IF(BP10<0.5, 55, IF(BP10<2, 70, IF(BP10<4, 85, IF(BP10>=4, 100)))))) -> 25 | BR10: =BQ10*0.02 -> 0.5 | BS10: 722768.65 | BT10: 39904.954 | BU10: =BS10-BT10 -> 682863.7 | BV10: =BU10/O10*100 -> 0.034797033 | BW10: =AVERAGEIF(BJ:BJ, BJ10, BV:BV) -> 2.8482825 | BX10: =(BV10-BW10)^2 -> 7.9157007 | BY10: =SQRT(SUMIF(BJ:BJ, BJ10, BX:BX)/COUNTIF(BJ:BJ, BJ10)) -> 5.5697596 | BZ10: =(1-_xlfn.NORM.DIST(BV10, BW10, BY10, TRUE))*100 -> 69.326831 | CA10: =IF(BZ10<=5, 100, IF(BZ10<=15, 85, IF(BZ10<=35, 70, IF(BZ10<=60, 55, IF(BZ10<=90, 40, 25))))) -> 40 | CB10: =CA10*0.02 -> 0.8 | CC10: =(M10/N10)*100 -> 74.909795 | CD10: =IF((100-(75*(CC10-1)/(200-1)))>100, 100, IF((100-(75*(CC10-1)/(200-1)))<25, 25, (100-(75*(CC10-1)/(200-1))))) -> 72.14455 | CE10: =CD10*0.015 -> 1.0821682 | CF10: 평가제외 | CG10: 평가제외 | CH10: 평가제외 | CI10: 평가제외 | CK10: A2- | CL10: C | CM10: =IF(CL10="A", 100, IF(CL10="B", 85, IF(CL10="C", 70, IF(CL10="D", 55, IF(CL10="E", 40, 25))))) -> 70 | CN10: =CM10*0.015 -> 1.05 | CO10: 0 | CP10: =(CO10/N10)*100 -> 0 | CQ10: =IF(CP10<3, 100, IF(CP10<10, 80, IF(CP10<35, 60, IF(CP10<100, 40, IF(CP10>=100, 20))))) -> 100 | CR10: =CQ10*0.03 -> 3 | CS10: =_xlfn.XLOOKUP(C10, '1-1. 관계사체무보증금액 (환율 등)'!$3:$3, '1-1. 관계사체무보증금액 (환율 등)'!$33:$33) -> 70000000 | CT10: =(CS10/N10)*100 -> 7.0091412 | CU10: =IF(CT10<3, 100, IF(CT10<10, 80, IF(CT10<35, 60, IF(CT10<100, 40, 20)))) -> 80 | CV10: =CU10*0.02 -> 1.6 | CW10: =AE10+AJ10+AQ10+AX10+BD10+BN10+BR10+CB10+CE10+CJ10+CN10+CR10+CV10 -> 18.347364
A11: DL이앤씨 | B11: https://dart.fss.or.kr/dsaf001/main.do?rcpNo=20230315001420 | C11: 375500 | D11: 비제조/서비스업 | E11: 토목 건설업 | F11: 토목 건설 사업 | G11: 44221 | H11: 12월 | I11: 마창민 | J11: https://www.dlenc.co.kr/main.do | K11: 서울특별시 | L11: 6952036110 | M11: 3038424778 | N11: 3913611332 | O11: 5275660012 | P11: 402580787 | Q11: 469747452 | R11: 310207542 | S11: 38693623 | T11: 670930 | U11: 8957128 | V11: =13802+32264+24168+54 -> 70288 | W11: 0 | X11: 488884 | Y11: (학)대림학원 | Z11: 0 | AA11: 0 | AB11: =SUM(U11,V11,Z11,W11,X11) -> 9516300 | AC11: =(AB11/S11)*100 -> 24.593975 | AD11: =100-(75*(AC11-0.1))/(87-0.1) -> 78.860206 | AE11: =AD11*0.03 -> 2.3658062 | AF11: =(U11+V11)/(S11-T11-AA11)*100 -> 23.742179 | AG11: =(U11+V11+Z11+W11+X11-AA11)/(S11-T11-AA11)*100 -> 25.027948 | AH11: =AG11-AF11 -> 1.285769 | AI11: =IF(AH11<10, 100, IF(AH11<30, 80, IF(AH11<50, 60, IF(AH11<80, 40, IF(AH11<=100, 20))))) -> 100 | AJ11: =AI11*0.04 -> 4 | AK11: 6 | AL11: 63 | AM11: 1 | AN11: =SUM(AK11:AL11) -> 69 | AO11: =(AM11/AN11)*100 -> 1.4492754 | AP11: =IF(AO11<10, 100, IF(AO11<20, 80, IF(AO11<30, 60, IF(AO11<50, 40, IF(AO11>=50, 20))))) -> 100 | AQ11: =AP11*0.02 -> 2 | AR11: 4 | AS11: =IF(L11>=2000000000, 0.5, IF(L11<2000000000, 0.25)) -> 0.5 | AT11: =AK11*AS11 -> 3 | AU11: =ROUNDDOWN(AT11,0) -> 3 | AV11: =(AR11-AU11)/AK11*100 -> 16.666667 | AW11: =IF(AV11<0, 20, IF(AV11=0, 40, IF(AV11<20, 60, IF(AV11<40, 80, IF(AV11>=40, 100))))) -> 60 | AX11: =AW11*0.01 -> 0.6 | AY11: 9 | AZ11: =7*4+3*2 -> 34 | BA11: =AR11*AY11 -> 36 | BB11: =(AZ11/BA11)*100 -> 94.444444 | BC11: =IF(BB11<70, 25, IF(BB11<80, 50, IF(BB11<90, 75, IF(BB11>=90, 100)))) -> 100 | BD11: =BC11*0.01 -> 1 | BE11: 452654000 | BF11: 35841000 | BG11: 0 | BH11: =SUM(BE11:BF11) -> 488495000 | BI11: =(BG11/BH11)*100 -> 0 | BJ11: =IF(D11="금융업(보험)", "금융업", IF(D11="금융업(증권)", "금융업", IF(D11="금융업(종금)", "금융업", D11))) -> 비제조/서비스업 | BK11: =AVERAGEIF(BJ:BJ, BJ11, BI:BI) -> 1.7464435 | BL11: =BI11-BK11 -> -1.7464435 | BM11: =IF(BL11<-2, 100, IF(BL11<0, 80, IF(BL11<2, 60, IF(BL11<10, 40, 20)))) -> 80 | BN11: =BM11*0.02 -> 1.6 | BO11: =54558000-44000 -> 54514000 | BP11: =(BO11/O11)*100 -> 1.0333115 | BQ11: =IF(BP11=0, 25, IF(BP11<0.1, 40, IF(BP11<0.5, 55, IF(BP11<2, 70, IF(BP11<4, 85, IF(BP11>=4, 100)))))) -> 70 | BR11: =BQ11*0.02 -> 1.4 | BS11: 2146909 | BT11: 173026.47 | BU11: =BS11-BT11 -> 1973882.6 | BV11: =BU11/O11*100 -> 0.037414893 | BW11: =AVERAGEIF(BJ:BJ, BJ11, BV:BV) -> 2.8482825 | BX11: =(BV11-BW11)^2 -> 7.9009769 | BY11: =SQRT(SUMIF(BJ:BJ, BJ11, BX:BX)/COUNTIF(BJ:BJ, BJ11)) -> 5.5697596 | BZ11: =(1-_xlfn.NORM.DIST(BV11, BW11, BY11, TRUE))*100 -> 69.310324 | CA11: =IF(BZ11<=5, 100, IF(BZ11<=15, 85, IF(BZ11<=35, 70, IF(BZ11<=60, 55, IF(BZ11<=90, 40, 25))))) -> 40 | CB11: =CA11*0.02 -> 0.8 | CC11: =(M11/N11)*100 -> 77.637367 | CD11: =IF((100-(75*(CC11-1)/(200-1)))>100, 100, IF((100-(75*(CC11-1)/(200-1)))<25, 25, (100-(75*(CC11-1)/(200-1))))) -> 71.11657 | CE11: =CD11*0.015 -> 1.0667486 | CF11: 평가제외 | CG11: 평가제외 | CH11: 평가제외 | CI11: 평가제외 | CK11: A1 | CL11: A | CM11: =IF(CL11="A", 100, IF(CL11="B", 85, IF(CL11="C", 70, IF(CL11="D", 55, IF(CL11="E", 40, 25))))) -> 100 | CN11: =CM11*0.015 -> 1.5 | CO11: =244409000+5437000+38383000+4527000+20068000+20000000 -> 332824000 | CP11: =(CO11/N11)*100 -> 8.5042681 | CQ11: =IF(CP11<3, 100, IF(CP11<10, 80, IF(CP11<35, 60, IF(CP11<100, 40, IF(CP11>=100, 20))))) -> 80 | CR11: =CQ11*0.03 -> 2.4 | CS11: =_xlfn.XLOOKUP(C11, '1-1. 관계사체무보증금액 (환율 등)'!$3:$3, '1-1. 관계사체무보증금액 (환율 등)'!$33:$33) -> 1.8460304e+09 | CT11: =(CS11/N11)*100 -> 47.169487 | CU11: =IF(CT11<3, 100, IF(CT11<10, 80, IF(CT11<35, 60, IF(CT11<100, 40, 20)))) -> 40 | CV11: =CU11*0.02 -> 0.8 | CW11: =AE11+AJ11+AQ11+AX11+BD11+BN11+BR11+CB11+CE11+CJ11+CN11+CR11+CV11 -> 19.532555
A12: DN오토모티브 | B12: https://dart.fss.or.kr/dsaf001/main.do?rcpNo=20230322001200 | C12: 007340 | D12: 금속/비금속/화학업 | E12: 일차전지 및 축전지 제조업 | F12: 자동차용 밧데리 | G12: 32410 | H12: 12월 | I12: 김상헌 김인환 | J12: http://www.dnautomotive.com | K12: 경상남도 | L12: 1632577263 | M12: 965677546 | N12: 666899717 | O12: 772331699 | P12: 96511673 | Q12: 50588116 | R12: 37870319 | S12: 9994005 | T12: 1375880 | U12: 3027814 | V12: =1464000+500000+81827+2131 -> 2047958 | W12: 10000 | X12: 0 | Z12: 0 | AA12: 0 | AB12: =SUM(U12,V12,Z12,W12,X12) -> 5085772 | AC12: =(AB12/S12)*100 -> 50.888227 | AD12: =100-(75*(AC12-0.1))/(87-0.1) -> 56.166662 | AE12: =AD12*0.03 -> 1.6849999 | AF12: =(U12+V12)/(S12-T12-AA12)*100 -> 58.896477 | AG12: =(U12+V12+Z12+W12+X12-AA12)/(S12-T12-AA12)*100 -> 59.012511 | AH12: =AG12-AF12 -> 0.11603452 | AI12: =IF(AH12<10, 100, IF(AH12<30, 80, IF(AH12<50, 60, IF(AH12<80, 40, IF(AH12<=100, 20))))) -> 100 | AJ12: =AI12*0.04 -> 4 | AK12: 5 | AL12: 33 | AM12: 1 | AN12: =SUM(AK12:AL12) -> 38 | AO12: =(AM12/AN12)*100 -> 2.6315789 | AP12: =IF(AO12<10, 100, IF(AO12<20, 80, IF(AO12<30, 60, IF(AO12<50, 40, IF(AO12>=50, 20))))) -> 100 | AQ12: =AP12*0.02 -> 2 | AR12: 1 | AS12: =IF(L12>=2000000000, 0.5, IF(L12<2000000000, 0.25)) -> 0.25 | AT12: =AK12*AS12 -> 1.25 | AU12: =ROUNDDOWN(AT12,0) -> 1 | AV12: =(AR12-AU12)/AK12*100 -> 0 | AW12: =IF(AV12<0, 20, IF(AV12=0, 40, IF(AV12<20, 60, IF(AV12<40, 80, IF(AV12>=40, 100))))) -> 40 | AX12: =AW12*0.01 -> 0.4 | AY12: 21 | AZ12: 17 | BA12: =AR12*AY12 -> 21 | BB12: =(AZ12/BA12)*100 -> 80.952381 | BC12: =IF(BB12<70, 25, IF(BB12<80, 50, IF(BB12<90, 75, IF(BB12>=90, 100)))) -> 75 | BD12: =BC12*0.01 -> 0.75 | BE12: 98950122 | BF12: 4632784 | BG12: 970372 | BH12: =SUM(BE12:BF12) -> 103582906 | BI12: =(BG12/BH12)*100 -> 0.93680708 | BJ12: =IF(D12="금융업(보험)", "금융업", IF(D12="금융업(증권)", "금융업", IF(D12="금융업(종금)", "금융업", D12))) -> 금속/비금속/화학업 | BK12: =AVERAGEIF(BJ:BJ, BJ12, BI:BI) -> 3.9534119 | BL12: =BI12-BK12 -> -3.0166048 | BM12: =IF(BL12<-2, 100, IF(BL12<0, 80, IF(BL12<2, 60, IF(BL12<10, 40, 20)))) -> 100 | BN12: =BM12*0.02 -> 2 | BO12: 74012427 | BP12: =(BO12/O12)*100 -> 9.5829845 | BQ12: =IF(BP12=0, 25, IF(BP12<0.1, 40, IF(BP12<0.5, 55, IF(BP12<2, 70, IF(BP12<4, 85, IF(BP12>=4, 100)))))) -> 100 | BR12: =BQ12*0.02 -> 2 | BS12: 55551837 | BT12: 2178713.4 | BU12: =BS12-BT12 -> 53373123 | BV12: =BU12/O12*100 -> 6.9106477 | BW12: =AVERAGEIF(BJ:BJ, BJ12, BV:BV) -> 5.1474159 | BX12: =(BV12-BW12)^2 -> 3.1089867 | BY12: =SQRT(SUMIF(BJ:BJ, BJ12, BX:BX)/COUNTIF(BJ:BJ, BJ12)) -> 6.6930499 | BZ12: =(1-_xlfn.NORM.DIST(BV12, BW12, BY12, TRUE))*100 -> 39.610488 | CA12: =IF(BZ12<=5, 100, IF(BZ12<=15, 85, IF(BZ12<=35, 70, IF(BZ12<=60, 55, IF(BZ12<=90, 40, 25))))) -> 55 | CB12: =CA12*0.02 -> 1.1 | CC12: =(M12/N12)*100 -> 144.80101 | CD12: =IF((100-(75*(CC12-1)/(200-1)))>100, 100, IF((100-(75*(CC12-1)/(200-1)))<25, 25, (100-(75*(CC12-1)/(200-1))))) -> 45.803638 | CE12: =CD12*0.015 -> 0.68705457 | CF12: 평가제외 | CG12: 평가제외 | CH12: 평가제외 | CI12: 평가제외 | CK12: 미공시 | CL12: F | CM12: =IF(CL12="A", 100, IF(CL12="B", 85, IF(CL12="C", 70, IF(CL12="D", 55, IF(CL12="E", 40, 25))))) -> 25 | CN12: =CM12*0.015 -> 0.375 | CO12: =28814000+4128000+24869000+900694000+19733000+1856000+35059000+21454000+361000+570000+10100000+1725000 -> 1049363000 | CP12: =(CO12/N12)*100 -> 157.34944 | CQ12: =IF(CP12<3, 100, IF(CP12<10, 80, IF(CP12<35, 60, IF(CP12<100, 40, IF(CP12>=100, 20))))) -> 20 | CR12: =CQ12*0.03 -> 0.6 | CS12: =_xlfn.XLOOKUP(C12, '1-1. 관계사체무보증금액 (환율 등)'!$3:$3, '1-1. 관계사체무보증금액 (환율 등)'!$33:$33) -> 2.6522736e+09 | CT12: =(CS12/N12)*100 -> 397.70202 | CU12: =IF(CT12<3, 100, IF(CT12<10, 80, IF(CT12<35, 60, IF(CT12<100, 40, 20)))) -> 20 | CV12: =CU12*0.02 -> 0.4 | CW12: =AE12+AJ12+AQ12+AX12+BD12+BN12+BR12+CB12+CE12+CJ12+CN12+CR12+CV12 -> 15.997054
A13: DSR | B13: https://dart.fss.or.kr/dsaf001/main.do?rcpNo=20230320000736 | C13: 155660 | D13: 금속/비금속/화학업 | E13: 1차 비철금속 제조업 | F13: 합섬섬유로프 | G13: 41409 | H13: 12월 | I13: 홍석빈 | J13: http://www.dsr.com | K13: 부산광역시 | L13: 279626168 | M13: 94093073 | N13: 185533095 | O13: 246405810 | P13: 31078773 | Q13: 26528544 | R13: 19234317 | S13: 16000000 | T13: 0 | U13: =5080000+1377450 -> 6457450 | V13: =1267950+693719+600000+125000+123842 -> 2810511 | W13: =620500+561200+320500+162280 -> 1664480 | X13: 0 | Z13: 0 | AA13: 461000 | AB13: =SUM(U13,V13,Z13,W13,X13) -> 10932441 | AC13: =(AB13/S13)*100 -> 68.327756 | AD13: =100-(75*(AC13-0.1))/(87-0.1) -> 41.115285 | AE13: =AD13*0.03 -> 1.2334586 | AF13: =(U13+V13)/(S13-T13-AA13)*100 -> 59.643227 | AG13: =(U13+V13+Z13+W13+X13-AA13)/(S13-T13-AA13)*100 -> 67.388127 | AH13: =AG13-AF13 -> 7.7448999 | AI13: =IF(AH13<10, 100, IF(AH13<30, 80, IF(AH13<50, 60, IF(AH13<80, 40, IF(AH13<=100, 20))))) -> 100 | AJ13: =AI13*0.04 -> 4 | AK13: 5 | AL13: 10 | AM13: 3 | AN13: =SUM(AK13:AL13) -> 15 | AO13: =(AM13/AN13)*100 -> 20 | AP13: =IF(AO13<10, 100, IF(AO13<20, 80, IF(AO13<30, 60, IF(AO13<50, 40, IF(AO13>=50, 20))))) -> 60 | AQ13: =AP13*0.02 -> 1.2 | AR13: 3 | AS13: =IF(L13>=2000000000, 0.5, IF(L13<2000000000, 0.25)) -> 0.25 | AT13: =AK13*AS13 -> 1.25 | AU13: =ROUNDDOWN(AT13,0) -> 1 | AV13: =(AR13-AU13)/AK13*100 -> 40 | AW13: =IF(AV13<0, 20, IF(AV13=0, 40, IF(AV13<20, 60, IF(AV13<40, 80, IF(AV13>=40, 100))))) -> 100 | AX13: =AW13*0.01 -> 1 | AY13: 11 | AZ13: =11+4+10 -> 25 | BA13: =AR13*AY13 -> 33 | BB13: =(AZ13/BA13)*100 -> 75.757576 | BC13: =IF(BB13<70, 25, IF(BB13<80, 50, IF(BB13<90, 75, IF(BB13>=90, 100)))) -> 50 | BD13: =BC13*0.01 -> 0.5 | BE13: 4901481 | BF13: 373273 | BG13: 0 | BH13: =SUM(BE13:BF13) -> 5274754 | BI13: =(BG13/BH13)*100 -> 0 | BJ13: =IF(D13="금융업(보험)", "금융업", IF(D13="금융업(증권)", "금융업", IF(D13="금융업(종금)", "금융업", D13))) -> 금속/비금속/화학업 | BK13: =AVERAGEIF(BJ:BJ, BJ13, BI:BI) -> 3.9534119 | BL13: =BI13-BK13 -> -3.9534119 | BM13: =IF(BL13<-2, 100, IF(BL13<0, 80, IF(BL13<2, 60, IF(BL13<10, 40, 20)))) -> 100 | BN13: =BM13*0.02 -> 2 | BO13: 2711000 | BP13: =(BO13/O13)*100 -> 1.1002176 | BQ13: =IF(BP13=0, 25, IF(BP13<0.1, 40, IF(BP13<0.5, 55, IF(BP13<2, 70, IF(BP13<4, 85, IF(BP13>=4, 100)))))) -> 70 | BR13: =BQ13*0.02 -> 1.4 | BS13: 54854077 | BT13: 82975.772 | BU13: =BS13-BT13 -> 54771101 | BV13: =BU13/O13*100 -> 22.228007 | BW13: =AVERAGEIF(BJ:BJ, BJ13, BV:BV) -> 5.1474159 | BX13: =(BV13-BW13)^2 -> 291.7466 | BY13: =SQRT(SUMIF(BJ:BJ, BJ13, BX:BX)/COUNTIF(BJ:BJ, BJ13)) -> 6.6930499 | BZ13: =(1-_xlfn.NORM.DIST(BV13, BW13, BY13, TRUE))*100 -> 0.53554911 | CA13: =IF(BZ13<=5, 100, IF(BZ13<=15, 85, IF(BZ13<=35, 70, IF(BZ13<=60, 55, IF(BZ13<=90, 40, 25))))) -> 100 | CB13: =CA13*0.02 -> 2 | CC13: =(M13/N13)*100 -> 50.714981 | CD13: =IF((100-(75*(CC13-1)/(200-1)))>100, 100, IF((100-(75*(CC13-1)/(200-1)))<25, 25, (100-(75*(CC13-1)/(200-1))))) -> 81.263198 | CE13: =CD13*0.015 -> 1.218948 | CF13: 평가제외 | CG13: 평가제외 | CH13: 평가제외 | CI13: 평가제외 | CK13: 미공시 | CL13: F | CM13: =IF(CL13="A", 100, IF(CL13="B", 85, IF(CL13="C", 70, IF(CL13="D", 55, IF(CL13="E", 40, 25))))) -> 25 | CN13: =CM13*0.015 -> 0.375 | CO13: =2201000+11975000+5355000+10000 -> 19541000 | CP13: =(CO13/N13)*100 -> 10.532353 | CQ13: =IF(CP13<3, 100, IF(CP13<10, 80, IF(CP13<35, 60, IF(CP13<100, 40, IF(CP13>=100, 20))))) -> 60 | CR13: =CQ13*0.03 -> 1.8 | CS13: =_xlfn.XLOOKUP(C13, '1-1. 관계사체무보증금액 (환율 등)'!$3:$3, '1-1. 관계사체무보증금액 (환율 등)'!$33:$33) -> 10297639 | CT13: =(CS13/N13)*100 -> 5.5502979 | CU13: =IF(CT13<3, 100, IF(CT13<10, 80, IF(CT13<35, 60, IF(CT13<100, 40, 20)))) -> 80 | CV13: =CU13*0.02 -> 1.6 | CW13: =AE13+AJ13+AQ13+AX13+BD13+BN13+BR13+CB13+CE13+CJ13+CN13+CR13+CV13 -> 18.327407
A14: DSR제강 | B14: https://dart.fss.or.kr/dsaf001/main.do?rcpNo=20230320000604 | C14: 069730 | D14: 금속/비금속/화학업 | E14: 1차 철강 제조업 | F14: 와이어로프,각종 경강선,철선제품,PC강선,아연도 강연선 제조 | G14: 37649 | H14: 12월 | I14: 홍하종, 홍석빈 (각자 대표이사) | J14: http://www.dsrcorp.com | K14: 전라남도 | L14: 259398157 | M14: 76302600 | N14: 183095557 | O14: 261687162 | P14: 26367414 | Q14: 33010683 | R14: 28926448 | S14: 14400000 | T14: 0 | U14: 3822430 | V14: =2441820+510274+361228+311575+184430+108000+60000 -> 3977327 | W14: 0 | X14: 0 | Z14: 461000 | AA14: 5080 | AB14: =SUM(U14,V14,Z14,W14,X14) -> 8260757 | AC14: =(AB14/S14)*100 -> 57.366368 | AD14: =100-(75*(AC14-0.1))/(87-0.1) -> 50.575632 | AE14: =AD14*0.03 -> 1.517269 | AF14: =(U14+V14)/(S14-T14-AA14)*100 -> 54.184094 | AG14: =(U14+V14+Z14+W14+X14-AA14)/(S14-T14-AA14)*100 -> 57.351323 | AH14: =AG14-AF14 -> 3.1672284 | AI14: =IF(AH14<10, 100, IF(AH14<30, 80, IF(AH14<50, 60, IF(AH14<80, 40, IF(AH14<=100, 20))))) -> 100 | AJ14: =AI14*0.04 -> 4 | AK14: 8 | AL14: 3 | AM14: 4 | AN14: =SUM(AK14:AL14) -> 11 | AO14: =(AM14/AN14)*100 -> 36.363636 | AP14: =IF(AO14<10, 100, IF(AO14<20, 80, IF(AO14<30, 60, IF(AO14<50, 40, IF(AO14>=50, 20))))) -> 40 | AQ14: =AP14*0.02 -> 0.8 | AR14: 3 | AS14: =IF(L14>=2000000000, 0.5, IF(L14<2000000000, 0.25)) -> 0.25 | AT14: =AK14*AS14 -> 2 | AU14: =ROUNDDOWN(AT14,0) -> 2 | AV14: =(AR14-AU14)/AK14*100 -> 12.5 | AW14: =IF(AV14<0, 20, IF(AV14=0, 40, IF(AV14<20, 60, IF(AV14<40, 80, IF(AV14>=40, 100))))) -> 60 | AX14: =AW14*0.01 -> 0.6 | AY14: 9 | AZ14: =9+5+8+3 -> 25 | BA14: =AR14*AY14 -> 27 | BB14: =(AZ14/BA14)*100 -> 92.592593 | BC14: =IF(BB14<70, 25, IF(BB14<80, 50, IF(BB14<90, 75, IF(BB14>=90, 100)))) -> 100 | BD14: =BC14*0.01 -> 1 | BE14: =4140857+1683023 -> 5823880 | BF14: =315559+108562 -> 424121 | BG14: 36991 | BH14: =SUM(BE14:BF14) -> 6248001 | BI14: =(BG14/BH14)*100 -> 0.59204536 | BJ14: =IF(D14="금융업(보험)", "금융업", IF(D14="금융업(증권)", "금융업", IF(D14="금융업(종금)", "금융업", D14))) -> 금속/비금속/화학업 | BK14: =AVERAGEIF(BJ:BJ, BJ14, BI:BI) -> 3.9534119 | BL14: =BI14-BK14 -> -3.3613665 | BM14: =IF(BL14<-2, 100, IF(BL14<0, 80, IF(BL14<2, 60, IF(BL14<10, 40, 20)))) -> 100 | BN14: =BM14*0.02 -> 2 | BO14: 1286949 | BP14: =(BO14/O14)*100 -> 0.49178912 | BQ14: =IF(BP14=0, 25, IF(BP14<0.1, 40, IF(BP14<0.5, 55, IF(BP14<2, 70, IF(BP14<4, 85, IF(BP14>=4, 100)))))) -> 55 | BR14: =BQ14*0.02 -> 1.1 | BS14: 2319003.1 | BT14: 194359.58 | BU14: =BS14-BT14 -> 2124643.5 | BV14: =BU14/O14*100 -> 0.81190207 | BW14: =AVERAGEIF(BJ:BJ, BJ14, BV:BV) -> 5.1474159 | BX14: =(BV14-BW14)^2 -> 18.79668 | BY14: =SQRT(SUMIF(BJ:BJ, BJ14, BX:BX)/COUNTIF(BJ:BJ, BJ14)) -> 6.6930499 | BZ14: =(1-_xlfn.NORM.DIST(BV14, BW14, BY14, TRUE))*100 -> 74.143106 | CA14: =IF(BZ14<=5, 100, IF(BZ14<=15, 85, IF(BZ14<=35, 70, IF(BZ14<=60, 55, IF(BZ14<=90, 40, 25))))) -> 40 | CB14: =CA14*0.02 -> 0.8 | CC14: =(M14/N14)*100 -> 41.673649 | CD14: =IF((100-(75*(CC14-1)/(200-1)))>100, 100, IF((100-(75*(CC14-1)/(200-1)))<25, 25, (100-(75*(CC14-1)/(200-1))))) -> 84.670735 | CE14: =CD14*0.015 -> 1.270061 | CF14: 평가제외 | CG14: 평가제외 | CH14: 평가제외 | CI14: 평가제외 | CK14: 미공시 | CL14: F | CM14: =IF(CL14="A", 100, IF(CL14="B", 85, IF(CL14="C", 70, IF(CL14="D", 55, IF(CL14="E", 40, 25))))) -> 25 | CN14: =CM14*0.015 -> 0.375 | CO14: =64619000+1730000+98000+10000 -> 66457000 | CP14: =(CO14/N14)*100 -> 36.296348 | CQ14: =IF(CP14<3, 100, IF(CP14<10, 80, IF(CP14<35, 60, IF(CP14<100, 40, IF(CP14>=100, 20))))) -> 40 | CR14: =CQ14*0.03 -> 1.2 | CS14: =_xlfn.XLOOKUP(C14, '1-1. 관계사체무보증금액 (환율 등)'!$3:$3, '1-1. 관계사체무보증금액 (환율 등)'!$33:$33) -> 10297639 | CT14: =(CS14/N14)*100 -> 5.6241886 | CU14: =IF(CT14<3, 100, IF(CT14<10, 80, IF(CT14<35, 60, IF(CT14<100, 40, 20)))) -> 80 | CV14: =CU14*0.02 -> 1.6 | CW14: =AE14+AJ14+AQ14+AX14+BD14+BN14+BR14+CB14+CE14+CJ14+CN14+CR14+CV14 -> 16.26233
A15: F&F | B15: https://dart.fss.or.kr/dsaf001/main.do?rcpNo=20230831001367 | C15: 383220 | D15: 식약/섬유/종이업 | E15: 봉제의복 제조업 | F15: MLB, MLB KIDS, DISCOVERY 등 패션의류제품 | G15: 44337 | H15: 12월 | I15: 김창수 | J15: http://www.fnf.co.kr | K15: 서울특별시 | L15: 1329134616 | M15: 413421862 | N15: 915712754 | O15: 1615587865 | P15: 523701828 | Q15: 528169893 | R15: 385627456 | S15: 38307075 | T15: 164334 | U15: =11700060+8811400 -> 20511460 | V15: =383075+191540+191540+546550+322125+379590+135470+84870 -> 2234760 | W15: 0 | X15: 0 | Z15: 0 | AA15: 0 | AB15: =SUM(U15,V15,Z15,W15,X15) -> 22746220 | AC15: =(AB15/S15)*100 -> 59.37864 | AD15: =100-(75*(AC15-0.1))/(87-0.1) -> 48.838919 | AE15: =AD15*0.03 -> 1.4651676 | AF15: =(U15+V15)/(S15-T15-AA15)*100 -> 59.634466 | AG15: =(U15+V15+Z15+W15+X15-AA15)/(S15-T15-AA15)*100 -> 59.634466 | AH15: =AG15-AF15 -> 0 | AI15: =IF(AH15<10, 100, IF(AH15<30, 80, IF(AH15<50, 60, IF(AH15<80, 40, IF(AH15<=100, 20))))) -> 100 | AJ15: =AI15*0.04 -> 4 | AK15: 6 | AL15: 17 | AM15: 2 | AN15: =SUM(AK15:AL15) -> 23 | AO15: =(AM15/AN15)*100 -> 8.6956522 | AP15: =IF(AO15<10, 100, IF(AO15<20, 80, IF(AO15<30, 60, IF(AO15<50, 40, IF(AO15>=50, 20))))) -> 100 | AQ15: =AP15*0.02 -> 2 | AR15: 2 | AS15: =IF(L15>=2000000000, 0.5, IF(L15<2000000000, 0.25)) -> 0.25 | AT15: =AK15*AS15 -> 1.5 | AU15: =ROUNDDOWN(AT15,0) -> 1 | AV15: =(AR15-AU15)/AK15*100 -> 16.666667 | AW15: =IF(AV15<0, 20, IF(AV15=0, 40, IF(AV15<20, 60, IF(AV15<40, 80, IF(AV15>=40, 100))))) -> 60 | AX15: =AW15*0.01 -> 0.6 | AY15: 11 | AZ15: =11+5 -> 16 | BA15: =AR15*AY15 -> 22 | BB15: =(AZ15/BA15)*100 -> 72.727273 | BC15: =IF(BB15<70, 25, IF(BB15<80, 50, IF(BB15<90, 75, IF(BB15>=90, 100)))) -> 50 | BD15: =BC15*0.01 -> 0.5 | BE15: 27577219 | BF15: 2714245 | BG15: 284451 | BH15: =SUM(BE15:BF15) -> 30291464 | BI15: =(BG15/BH15)*100 -> 0.93904672 | BJ15: =IF(D15="금융업(보험)", "금융업", IF(D15="금융업(증권)", "금융업", IF(D15="금융업(종금)", "금융업", D15))) -> 식약/섬유/종이업 | BK15: =AVERAGEIF(BJ:BJ, BJ15, BI:BI) -> 2.1999361 | BL15: =BI15-BK15 -> -1.2608893 | BM15: =IF(BL15<-2, 100, IF(BL15<0, 80, IF(BL15<2, 60, IF(BL15<10, 40, 20)))) -> 80 | BN15: =BM15*0.02 -> 1.6 | BO15: 0 | BP15: =(BO15/O15)*100 -> 0 | BQ15: =IF(BP15=0, 25, IF(BP15<0.1, 40, IF(BP15<0.5, 55, IF(BP15<2, 70, IF(BP15<4, 85, IF(BP15>=4, 100)))))) -> 25 | BR15: =BQ15*0.02 -> 0.5 | BS15: 8692977.8 | BT15: 0 | BU15: =BS15-BT15 -> 8692977.8 | BV15: =BU15/O15*100 -> 0.53806902 | BW15: =AVERAGEIF(BJ:BJ, BJ15, BV:BV) -> 5.0508176 | BX15: =(BV15-BW15)^2 -> 20.3649 | BY15: =SQRT(SUMIF(BJ:BJ, BJ15, BX:BX)/COUNTIF(BJ:BJ, BJ15)) -> 6.9871618 | BZ15: =(1-_xlfn.NORM.DIST(BV15, BW15, BY15, TRUE))*100 -> 74.081593 | CA15: =IF(BZ15<=5, 100, IF(BZ15<=15, 85, IF(BZ15<=35, 70, IF(BZ15<=60, 55, IF(BZ15<=90, 40, 25))))) -> 40 | CB15: =CA15*0.02 -> 0.8 | CC15: =(M15/N15)*100 -> 45.147549 | CD15: =IF((100-(75*(CC15-1)/(200-1)))>100, 100, IF((100-(75*(CC15-1)/(200-1)))<25, 25, (100-(75*(CC15-1)/(200-1))))) -> 83.361477 | CE15: =CD15*0.015 -> 1.2504221 | CF15: 평가제외 | CG15: 평가제외 | CH15: 평가제외 | CI15: 평가제외 | CK15: 미공시 | CL15: F | CM15: =IF(CL15="A", 100, IF(CL15="B", 85, IF(CL15="C", 70, IF(CL15="D", 55, IF(CL15="E", 40, 25))))) -> 25 | CN15: =CM15*0.015 -> 0.375 | CO15: =4682000+2888000+116000+1813000+23496000+71531000+11512000+2000000 -> 118038000 | CP15: =(CO15/N15)*100 -> 12.890287 | CQ15: =IF(CP15<3, 100, IF(CP15<10, 80, IF(CP15<35, 60, IF(CP15<100, 40, IF(CP15>=100, 20))))) -> 60 | CR15: =CQ15*0.03 -> 1.8 | CS15: =_xlfn.XLOOKUP(C15, '1-1. 관계사체무보증금액 (환율 등)'!$3:$3, '1-1. 관계사체무보증금액 (환율 등)'!$33:$33) -> 41070381 | CT15: =(CS15/N15)*100 -> 4.4850725 | CU15: =IF(CT15<3, 100, IF(CT15<10, 80, IF(CT15<35, 60, IF(CT15<100, 40, 20)))) -> 80 | CV15: =CU15*0.02 -> 1.6 | CW15: =AE15+AJ15+AQ15+AX15+BD15+BN15+BR15+CB15+CE15+CJ15+CN15+CR15+CV15 -> 16.49059
A16: GS건설 | B16: https://dart.fss.or.kr/dsaf001/main.do?rcpNo=20230316001014 | C16: 006360 | D16: 비제조/서비스업 | E16: 건물 건설업 | F16: 토목공사,건축공사,주택공사,산업플랜트공사,리모델링공사,시설물유지관리공사/산업설비설계,감리 용역,수출입/에너지관리 진단,연구개발 | G16: 29801 | H16: 12월 | I16: 허창수, 임병용(각자 대표이사) | J16: http://www.gsconst.co.kr/ | K16: 서울특별시 | L16: 12739404443 | M16: 7806315499 | N16: 4933088944 | O16: 8613702892 | P16: 281011393 | Q16: 360875361 | R16: 240672686 | S16: 85581490 | T16: 692595 | U16: =7089463 -> 7089463 | V16: =24604+1331162+1288824+282054+21429+3035643+439462+29588+2433477+300765+246081+1529727+953879+15000+10000 -> 11941695 | W16: =1756+1666+80+7056+144+400+840+1330 -> 13272 | X16: 1201460 | Y16: 재단법인 남촌재단 | Z16: 0 | AA16: 0 | AB16: =SUM(U16,V16,Z16,W16,X16) -> 20245890 | AC16: =(AB16/S16)*100 -> 23.656856 | AD16: =100-(75*(AC16-0.1))/(87-0.1) -> 79.668996 | AE16: =AD16*0.03 -> 2.3900699 | AF16: =(U16+V16)/(S16-T16-AA16)*100 -> 22.418902 | AG16: =(U16+V16+Z16+W16+X16-AA16)/(S16-T16-AA16)*100 -> 23.849869 | AH16: =AG16-AF16 -> 1.4309669 | AI16: =IF(AH16<10, 100, IF(AH16<30, 80, IF(AH16<50, 60, IF(AH16<80, 40, IF(AH16<=100, 20))))) -> 100 | AJ16: =AI16*0.04 -> 4 | AK16: 7 | AL16: 46 | AM16: 3 | AN16: =SUM(AK16:AL16) -> 53 | AO16: =(AM16/AN16)*100 -> 5.6603774 | AP16: =IF(AO16<10, 100, IF(AO16<20, 80, IF(AO16<30, 60, IF(AO16<50, 40, IF(AO16>=50, 20))))) -> 100 | AQ16: =AP16*0.02 -> 2 | AR16: 4 | AS16: =IF(L16>=2000000000, 0.5, IF(L16<2000000000, 0.25)) -> 0.5 | AT16: =AK16*AS16 -> 3.5 | AU16: =ROUNDDOWN(AT16,0) -> 3 | AV16: =(AR16-AU16)/AK16*100 -> 14.285714 | AW16: =IF(AV16<0, 20, IF(AV16=0, 40, IF(AV16<20, 60, IF(AV16<40, 80, IF(AV16>=40, 100))))) -> 60 | AX16: =AW16*0.01 -> 0.6 | AY16: 8 | AZ16: =4*2+3+4+2+4*3 -> 29 | BA16: =AR16*AY16 -> 32 | BB16: =(AZ16/BA16)*100 -> 90.625 | BC16: =IF(BB16<70, 25, IF(BB16<80, 50, IF(BB16<90, 75, IF(BB16>=90, 100)))) -> 100 | BD16: =BC16*0.01 -> 1 | BE16: 201263000 | BF16: 20845000 | BG16: 0 | BH16: =SUM(BE16:BF16) -> 222108000 | BI16: =(BG16/BH16)*100 -> 0 | BJ16: =IF(D16="금융업(보험)", "금융업", IF(D16="금융업(증권)", "금융업", IF(D16="금융업(종금)", "금융업", D16))) -> 비제조/서비스업 | BK16: =AVERAGEIF(BJ:BJ, BJ16, BI:BI) -> 1.7464435 | BL16: =BI16-BK16 -> -1.7464435 | BM16: =IF(BL16<-2, 100, IF(BL16<0, 80, IF(BL16<2, 60, IF(BL16<10, 40, 20)))) -> 80 | BN16: =BM16*0.02 -> 1.6 | BO16: =(34670-3)*1000 -> 34667000 | BP16: =(BO16/O16)*100 -> 0.40246338 | BQ16: =IF(BP16=0, 25, IF(BP16<0.1, 40, IF(BP16<0.5, 55, IF(BP16<2, 70, IF(BP16<4, 85, IF(BP16>=4, 100)))))) -> 55 | BR16: =BQ16*0.02 -> 1.1 | BS16: 23550198 | BT16: 452414.84 | BU16: =BS16-BT16 -> 23097783 | BV16: =BU16/O16*100 -> 0.26815161 | BW16: =AVERAGEIF(BJ:BJ, BJ16, BV:BV) -> 2.8482825 | BX16: =(BV16-BW16)^2 -> 6.6570756 | BY16: =SQRT(SUMIF(BJ:BJ, BJ16, BX:BX)/COUNTIF(BJ:BJ, BJ16)) -> 5.5697596 | BZ16: =(1-_xlfn.NORM.DIST(BV16, BW16, BY16, TRUE))*100 -> 67.840354 | CA16: =IF(BZ16<=5, 100, IF(BZ16<=15, 85, IF(BZ16<=35, 70, IF(BZ16<=60, 55, IF(BZ16<=90, 40, 25))))) -> 40 | CB16: =CA16*0.02 -> 0.8 | CC16: =(M16/N16)*100 -> 158.24396 | CD16: =IF((100-(75*(CC16-1)/(200-1)))>100, 100, IF((100-(75*(CC16-1)/(200-1)))<25, 25, (100-(75*(CC16-1)/(200-1))))) -> 40.737199 | CE16: =CD16*0.015 -> 0.61105799 | CF16: 평가제외 | CG16: 평가제외 | CH16: 평가제외 | CI16: 평가제외 | CK16: A+ | CL16: C | CM16: =IF(CL16="A", 100, IF(CL16="B", 85, IF(CL16="C", 70, IF(CL16="D", 55, IF(CL16="E", 40, 25))))) -> 70 | CN16: =CM16*0.015 -> 1.05 | CO16: =2176000+91256000+337000+3067000+534000+9380000+100000+20152000+248498000+61437000+20243000+1226000+6902000+77588000+1000+18754000+584000+23916000+15599000+8021000+5000000+9769000+68500000+23866000+1363000+10000000+16005000+6000000+30540000+62000000+10181000+20000+3245000+639720000+22277000+4000000+100000+25879000+98005000+49489000+1000+15218000+8654000+4500000+205000+13000000+6000+37000000+5000 -> 1774319000 | CP16: =(CO16/N16)*100 -> 35.967707 | CQ16: =IF(CP16<3, 100, IF(CP16<10, 80, IF(CP16<35, 60, IF(CP16<100, 40, IF(CP16>=100, 20))))) -> 40 | CR16: =CQ16*0.03 -> 1.2 | CS16: =_xlfn.XLOOKUP(C16, '1-1. 관계사체무보증금액 (환율 등)'!$3:$3, '1-1. 관계사체무보증금액 (환율 등)'!$33:$33) -> 2.0250619e+09 | CT16: =(CS16/N16)*100 -> 41.050587 | CU16: =IF(CT16<3, 100, IF(CT16<10, 80, IF(CT16<35, 60, IF(CT16<100, 40, 20)))) -> 40 | CV16: =CU16*0.02 -> 0.8 | CW16: =AE16+AJ16+AQ16+AX16+BD16+BN16+BR16+CB16+CE16+CJ16+CN16+CR16+CV16 -> 17.151128
A17: GS리테일 | B17: https://dart.fss.or.kr/dsaf001/main.do?rcpNo=20230315001215 | C17: 001250 | D17: 비제조/서비스업 | E17: 상품 종합 도매업 | F17: 수출입업(시멘트,철강금속,전기전자,섬유,기계화학),상품중개,광업,채석업/하수처리 서비스/부동산 임대 | G17: 27937 | H17: 12월 | I17: 이영환 | J17: http://www.gsgcorp.com | K17: 서울특별시 | L17: 997899096 | M17: 681241305 | N17: 316657791 | O17: 4351245277 | P17: 72635691 | Q17: 36029872 | R17: 42401579 | S17: 104717922 | T17: 2537897 | U17: 60633923 | V17: 0 | W17: 2111 | X17: 0 | Z17: 0 | AA17: 0 | AB17: =SUM(U17,V17,Z17,W17,X17) -> 60636034 | AC17: =(AB17/S17)*100 -> 57.904161 | AD17: =100-(75*(AC17-0.1))/(87-0.1) -> 50.111484 | AE17: =AD17*0.03 -> 1.5033445 | AF17: =(U17+V17)/(S17-T17-AA17)*100 -> 59.34029 | AG17: =(U17+V17+Z17+W17+X17-AA17)/(S17-T17-AA17)*100 -> 59.342356 | AH17: =AG17-AF17 -> 0.0020659615 | AI17: =IF(AH17<10, 100, IF(AH17<30, 80, IF(AH17<50, 60, IF(AH17<80, 40, IF(AH17<=100, 20))))) -> 100 | AJ17: =AI17*0.04 -> 4 | AK17: 7 | AL17: 33 | AM17: 0 | AN17: =SUM(AK17:AL17) -> 40 | AO17: =(AM17/AN17)*100 -> 0 | AP17: =IF(AO17<10, 100, IF(AO17<20, 80, IF(AO17<30, 60, IF(AO17<50, 40, IF(AO17>=50, 20))))) -> 100 | AQ17: =AP17*0.02 -> 2 | AR17: 4 | AS17: =IF(L17>=2000000000, 0.5, IF(L17<2000000000, 0.25)) -> 0.25 | AT17: =AK17*AS17 -> 1.75 | AU17: =ROUNDDOWN(AT17,0) -> 1 | AV17: =(AR17-AU17)/AK17*100 -> 42.857143 | AW17: =IF(AV17<0, 20, IF(AV17=0, 40, IF(AV17<20, 60, IF(AV17<40, 80, IF(AV17>=40, 100))))) -> 100 | AX17: =AW17*0.01 -> 1 | AY17: 10 | AZ17: 40 | BA17: =AR17*AY17 -> 40 | BB17: =(AZ17/BA17)*100 -> 100 | BC17: =IF(BB17<70, 25, IF(BB17<80, 50, IF(BB17<90, 75, IF(BB17>=90, 100)))) -> 100 | BD17: =BC17*0.01 -> 1 | BE17: 392463000 | BF17: 35850000 | BG17: 2283000 | BH17: =SUM(BE17:BF17) -> 428313000 | BI17: =(BG17/BH17)*100 -> 0.53302141 | BJ17: =IF(D17="금융업(보험)", "금융업", IF(D17="금융업(증권)", "금융업", IF(D17="금융업(종금)", "금융업", D17))) -> 비제조/서비스업 | BK17: =AVERAGEIF(BJ:BJ, BJ17, BI:BI) -> 1.7464435 | BL17: =BI17-BK17 -> -1.213422 | BM17: =IF(BL17<-2, 100, IF(BL17<0, 80, IF(BL17<2, 60, IF(BL17<10, 40, 20)))) -> 80 | BN17: =BM17*0.02 -> 1.6 | BO17: 1741000 | BP17: =(BO17/O17)*100 -> 0.040011534 | BQ17: =IF(BP17=0, 25, IF(BP17<0.1, 40, IF(BP17<0.5, 55, IF(BP17<2, 70, IF(BP17<4, 85, IF(BP17>=4, 100)))))) -> 40 | BR17: =BQ17*0.02 -> 0.8 | BS17: 3.2356035e+08 | BT17: 7064640.1 | BU17: =BS17-BT17 -> 3.1649571e+08 | BV17: =BU17/O17*100 -> 7.2736812 | BW17: =AVERAGEIF(BJ:BJ, BJ17, BV:BV) -> 2.8482825 | BX17: =(BV17-BW17)^2 -> 19.584153 | BY17: =SQRT(SUMIF(BJ:BJ, BJ17, BX:BX)/COUNTIF(BJ:BJ, BJ17)) -> 5.5697596 | BZ17: =(1-_xlfn.NORM.DIST(BV17, BW17, BY17, TRUE))*100 -> 21.344047 | CA17: =IF(BZ17<=5, 100, IF(BZ17<=15, 85, IF(BZ17<=35, 70, IF(BZ17<=60, 55, IF(BZ17<=90, 40, 25))))) -> 70 | CB17: =CA17*0.02 -> 1.4 | CC17: =(M17/N17)*100 -> 215.13486 | CD17: =IF((100-(75*(CC17-1)/(200-1)))>100, 100, IF((100-(75*(CC17-1)/(200-1)))<25, 25, (100-(75*(CC17-1)/(200-1))))) -> 25 | CE17: =CD17*0.015 -> 0.375 | CF17: 평가제외 | CG17: 평가제외 | CH17: 평가제외 | CI17: 평가제외 | CK17: AA | CL17: B | CM17: =IF(CL17="A", 100, IF(CL17="B", 85, IF(CL17="C", 70, IF(CL17="D", 55, IF(CL17="E", 40, 25))))) -> 85 | CN17: =CM17*0.015 -> 1.275 | CO17: =4893000+3421000+9139000+2000000+9581000+8013000+776344000+45709000+163033000+1275000+18138000+5580000+69052000+32336000+3575000+8092000+2502000+8457000+9800000+15723000 -> 1196663000 | CP17: =(CO17/N17)*100 -> 377.90417 | CQ17: =IF(CP17<3, 100, IF(CP17<10, 80, IF(CP17<35, 60, IF(CP17<100, 40, IF(CP17>=100, 20))))) -> 20 | CR17: =CQ17*0.03 -> 0.6 | CS17: =_xlfn.XLOOKUP(C17, '1-1. 관계사체무보증금액 (환율 등)'!$3:$3, '1-1. 관계사체무보증금액 (환율 등)'!$33:$33) -> 6.1199865e+08 | CT17: =(CS17/N17)*100 -> 193.26815 | CU17: =IF(CT17<3, 100, IF(CT17<10, 80, IF(CT17<35, 60, IF(CT17<100, 40, 20)))) -> 20 | CV17: =CU17*0.02 -> 0.4 | CW17: =AE17+AJ17+AQ17+AX17+BD17+BN17+BR17+CB17+CE17+CJ17+CN17+CR17+CV17 -> 15.953345
A18: HDC랩스 | B18: https://dart.fss.or.kr/dsaf001/main.do?rcpNo=20230316001339 | C18: 039570 | D18: 전기전자/기계업 | E18: 전기 및 통신 공사업 | F18: 기계설비공사, 스마트홈, 지능형 빌딩, SOC, 인테리어, 조경, 시설관리 | G18: 42271 | H18: 12월 | I18: 김성은 | J18: http://www.hdc-labs.com/ | K18: 서울특별시 | L18: 384013805 | M18: 122371399 | N18: 261642406 | O18: 610731077 | P18: 12353544 | Q18: 16868521 | R18: 12791557 | S18: 25957601 | T18: 2983165 | U18: =10136051+4755400 -> 14891451 | V18: 0 | W18: 100 | X18: 0 | Z18: 1007524 | AA18: 0 | AB18: =SUM(U18,V18,Z18,W18,X18) -> 15899075 | AC18: =(AB18/S18)*100 -> 61.250171 | AD18: =100-(75*(AC18-0.1))/(87-0.1) -> 47.223673 | AE18: =AD18*0.03 -> 1.4167102 | AF18: =(U18+V18)/(S18-T18-AA18)*100 -> 64.817482 | AG18: =(U18+V18+Z18+W18+X18-AA18)/(S18-T18-AA18)*100 -> 69.203331 | AH18: =AG18-AF18 -> 4.3858487 | AI18: =IF(AH18<10, 100, IF(AH18<30, 80, IF(AH18<50, 60, IF(AH18<80, 40, IF(AH18<=100, 20))))) -> 100 | AJ18: =AI18*0.04 -> 4 | AK18: 6 | AL18: 4 | AM18: 1 | AN18: =SUM(AK18:AL18) -> 10 | AO18: =(AM18/AN18)*100 -> 10 | AP18: =IF(AO18<10, 100, IF(AO18<20, 80, IF(AO18<30, 60, IF(AO18<50, 40, IF(AO18>=50, 20))))) -> 80 | AQ18: =AP18*0.02 -> 1.6 | AR18: 2 | AS18: =IF(L18>=2000000000, 0.5, IF(L18<2000000000, 0.25)) -> 0.25 | AT18: =AK18*AS18 -> 1.5 | AU18: =ROUNDDOWN(AT18,0) -> 1 | AV18: =(AR18-AU18)/AK18*100 -> 16.666667 | AW18: =IF(AV18<0, 20, IF(AV18=0, 40, IF(AV18<20, 60, IF(AV18<40, 80, IF(AV18>=40, 100))))) -> 60 | AX18: =AW18*0.01 -> 0.6 | AY18: 4 | AZ18: 5 | BA18: =AR18*AY18 -> 8 | BB18: =(AZ18/BA18)*100 -> 62.5 | BC18: =IF(BB18<70, 25, IF(BB18<80, 50, IF(BB18<90, 75, IF(BB18>=90, 100)))) -> 25 | BD18: =BC18*0.01 -> 0.25 | BE18: 17259285 | BF18: 2334127 | BG18: 608593 | BH18: =SUM(BE18:BF18) -> 19593412 | BI18: =(BG18/BH18)*100 -> 3.1061104 | BJ18: =IF(D18="금융업(보험)", "금융업", IF(D18="금융업(증권)", "금융업", IF(D18="금융업(종금)", "금융업", D18))) -> 전기전자/기계업 | BK18: =AVERAGEIF(BJ:BJ, BJ18, BI:BI) -> 2.409645 | BL18: =BI18-BK18 -> 0.69646539 | BM18: =IF(BL18<-2, 100, IF(BL18<0, 80, IF(BL18<2, 60, IF(BL18<10, 40, 20)))) -> 60 | BN18: =BM18*0.02 -> 1.2 | BO18: 3992000 | BP18: =(BO18/O18)*100 -> 0.65364285 | BQ18: =IF(BP18=0, 25, IF(BP18<0.1, 40, IF(BP18<0.5, 55, IF(BP18<2, 70, IF(BP18<4, 85, IF(BP18>=4, 100)))))) -> 70 | BR18: =BQ18*0.02 -> 1.4 | BS18: 4009528 | BT18: 18783.333 | BU18: =BS18-BT18 -> 3990744.6 | BV18: =BU18/O18*100 -> 0.6534373 | BW18: =AVERAGEIF(BJ:BJ, BJ18, BV:BV) -> 5.2309968 | BX18: =(BV18-BW18)^2 -> 20.954051 | BY18: =SQRT(SUMIF(BJ:BJ, BJ18, BX:BX)/COUNTIF(BJ:BJ, BJ18)) -> 7.0695458 | BZ18: =(1-_xlfn.NORM.DIST(BV18, BW18, BY18, TRUE))*100 -> 74.134711 | CA18: =IF(BZ18<=5, 100, IF(BZ18<=15, 85, IF(BZ18<=35, 70, IF(BZ18<=60, 55, IF(BZ18<=90, 40, 25))))) -> 40 | CB18: =CA18*0.02 -> 0.8 | CC18: =(M18/N18)*100 -> 46.770476 | CD18: =IF((100-(75*(CC18-1)/(200-1)))>100, 100, IF((100-(75*(CC18-1)/(200-1)))<25, 25, (100-(75*(CC18-1)/(200-1))))) -> 82.749821 | CE18: =CD18*0.015 -> 1.2412473 | CF18: 평가제외 | CG18: 평가제외 | CH18: 평가제외 | CI18: 평가제외 | CK18: 미평가 | CL18: F | CM18: =IF(CL18="A", 100, IF(CL18="B", 85, IF(CL18="C", 70, IF(CL18="D", 55, IF(CL18="E", 40, 25))))) -> 25 | CN18: =CM18*0.015 -> 0.375 | CO18: =266000 -> 266000 | CP18: =(CO18/N18)*100 -> 0.10166548 | CQ18: =IF(CP18<3, 100, IF(CP18<10, 80, IF(CP18<35, 60, IF(CP18<100, 40, IF(CP18>=100, 20))))) -> 100 | CR18: =CQ18*0.03 -> 3 | CS18: =_xlfn.XLOOKUP(C18, '1-1. 관계사체무보증금액 (환율 등)'!$3:$3, '1-1. 관계사체무보증금액 (환율 등)'!$33:$33) -> 95000000 | CT18: =(CS18/N18)*100 -> 36.309099 | CU18: =IF(CT18<3, 100, IF(CT18<10, 80, IF(CT18<35, 60, IF(CT18<100, 40, 20)))) -> 40 | CV18: =CU18*0.02 -> 0.8 | CW18: =AE18+AJ18+AQ18+AX18+BD18+BN18+BR18+CB18+CE18+CJ18+CN18+CR18+CV18 -> 16.682957
A19: HDC현대EP | B19: https://dart.fss.or.kr/dsaf001/main.do?rcpNo=20230315001033 | C19: 089470 | D19: 금속/비금속/화학업 | E19: 기타 화학제품 제조업 | F19: 합성수지(PP컴파운딩가공,자동차범퍼,내장제) 제조,도소매 | G19: 38985 | H19: 12월 | I19: 정 중 규 | J19: http://www.hdc-hyundaiep.com/ | K19: 충청남도 | L19: 496666959 | M19: 232970639 | N19: 263696320 | O19: 847333959 | P19: 12420452 | Q19: 21136596 | R19: 15436443 | S19: 31900000 | T19: 3000000 | U19: 15395000 | V19: 0 | W19: 0 | X19: 0 | Z19: 0 | AA19: 0 | AB19: =SUM(U19,V19,Z19,W19,X19) -> 15395000 | AC19: =(AB19/S19)*100 -> 48.260188 | AD19: =100-(75*(AC19-0.1))/(87-0.1) -> 58.43482 | AE19: =AD19*0.03 -> 1.7530446 | AF19: =(U19+V19)/(S19-T19-AA19)*100 -> 53.269896 | AG19: =(U19+V19+Z19+W19+X19-AA19)/(S19-T19-AA19)*100 -> 53.269896 | AH19: =AG19-AF19 -> 0 | AI19: =IF(AH19<10, 100, IF(AH19<30, 80, IF(AH19<50, 60, IF(AH19<80, 40, IF(AH19<=100, 20))))) -> 100 | AJ19: =AI19*0.04 -> 4 | AK19: 5 | AL19: 1 | AM19: 1 | AN19: =SUM(AK19:AL19) -> 6 | AO19: =(AM19/AN19)*100 -> 16.666667 | AP19: =IF(AO19<10, 100, IF(AO19<20, 80, IF(AO19<30, 60, IF(AO19<50, 40, IF(AO19>=50, 20))))) -> 80 | AQ19: =AP19*0.02 -> 1.6 | AR19: 1 | AS19: =IF(L19>=2000000000, 0.5, IF(L19<2000000000, 0.25)) -> 0.25 | AT19: =AK19*AS19 -> 1.25 | AU19: =ROUNDDOWN(AT19,0) -> 1 | AV19: =(AR19-AU19)/AK19*100 -> 0 | AW19: =IF(AV19<0, 20, IF(AV19=0, 40, IF(AV19<20, 60, IF(AV19<40, 80, IF(AV19>=40, 100))))) -> 40 | AX19: =AW19*0.01 -> 0.4 | AY19: 11 | AZ19: 11 | BA19: =AR19*AY19 -> 11 | BB19: =(AZ19/BA19)*100 -> 100 | BC19: =IF(BB19<70, 25, IF(BB19<80, 50, IF(BB19<90, 75, IF(BB19>=90, 100)))) -> 100 | BD19: =BC19*0.01 -> 1 | BE19: 9353488 | BF19: 1016537 | BG19: 544657 | BH19: =SUM(BE19:BF19) -> 10370025 | BI19: =(BG19/BH19)*100 -> 5.2522246 | BJ19: =IF(D19="금융업(보험)", "금융업", IF(D19="금융업(증권)", "금융업", IF(D19="금융업(종금)", "금융업", D19))) -> 금속/비금속/화학업 | BK19: =AVERAGEIF(BJ:BJ, BJ19, BI:BI) -> 3.9534119 | BL19: =BI19-BK19 -> 1.2988127 | BM19: =IF(BL19<-2, 100, IF(BL19<0, 80, IF(BL19<2, 60, IF(BL19<10, 40, 20)))) -> 60 | BN19: =BM19*0.02 -> 1.2 | BO19: 4605093 | BP19: =(BO19/O19)*100 -> 0.54348028 | BQ19: =IF(BP19=0, 25, IF(BP19<0.1, 40, IF(BP19<0.5, 55, IF(BP19<2, 70, IF(BP19<4, 85, IF(BP19>=4, 100)))))) -> 70 | BR19: =BQ19*0.02 -> 1.4 | BS19: 9274632.1 | BT19: 12473.2 | BU19: =BS19-BT19 -> 9262158.9 | BV19: =BU19/O19*100 -> 1.0930943 | BW19: =AVERAGEIF(BJ:BJ, BJ19, BV:BV) -> 5.1474159 | BX19: =(BV19-BW19)^2 -> 16.437524 | BY19: =SQRT(SUMIF(BJ:BJ, BJ19, BX:BX)/COUNTIF(BJ:BJ, BJ19)) -> 6.6930499 | BZ19: =(1-_xlfn.NORM.DIST(BV19, BW19, BY19, TRUE))*100 -> 72.765994 | CA19: =IF(BZ19<=5, 100, IF(BZ19<=15, 85, IF(BZ19<=35, 70, IF(BZ19<=60, 55, IF(BZ19<=90, 40, 25))))) -> 40 | CB19: =CA19*0.02 -> 0.8 | CC19: =(M19/N19)*100 -> 88.348081 | CD19: =IF((100-(75*(CC19-1)/(200-1)))>100, 100, IF((100-(75*(CC19-1)/(200-1)))<25, 25, (100-(75*(CC19-1)/(200-1))))) -> 67.079869 | CE19: =CD19*0.015 -> 1.006198 | CF19: 평가제외 | CG19: 평가제외 | CH19: 평가제외 | CI19: 평가제외 | CK19: A- | CL19: D | CM19: =IF(CL19="A", 100, IF(CL19="B", 85, IF(CL19="C", 70, IF(CL19="D", 55, IF(CL19="E", 40, 25))))) -> 55 | CN19: =CM19*0.015 -> 0.825 | CO19: =7894000+4008000+30800000+8718000 -> 51420000 | CP19: =(CO19/N19)*100 -> 19.499703 | CQ19: =IF(CP19<3, 100, IF(CP19<10, 80, IF(CP19<35, 60, IF(CP19<100, 40, IF(CP19>=100, 20))))) -> 60 | CR19: =CQ19*0.03 -> 1.8 | CS19: =_xlfn.XLOOKUP(C19, '1-1. 관계사체무보증금액 (환율 등)'!$3:$3, '1-1. 관계사체무보증금액 (환율 등)'!$33:$33) -> 37557000 | CT19: =(CS19/N19)*100 -> 14.24252 | CU19: =IF(CT19<3, 100, IF(CT19<10, 80, IF(CT19<35, 60, IF(CT19<100, 40, 20)))) -> 60 | CV19: =CU19*0.02 -> 1.2 | CW19: =AE19+AJ19+AQ19+AX19+BD19+BN19+BR19+CB19+CE19+CJ19+CN19+CR19+CV19 -> 16.984243
A20: HDC현대산업개발 | B20: https://dart.fss.or.kr/dsaf001/main.do?rcpNo=20230713000082 | C20: 294870 | D20: 비제조/서비스업 | E20: 건물 건설업 | F20: 외주주택, 자체공사, 일반건축, 토목 등 | G20: 43263 | H20: 12월 | I20: 최익훈, 정익희, 김회언 (각자 대표이사) | J20: http://www.hdc-dvp.com | K20: 서울특별시 | L20: 7073844464 | M20: 4098482728 | N20: 2975361736 | O20: 3283542070 | P20: 110039015 | Q20: 105468581 | R20: 36587869 | S20: 65907330 | T20: 9470 | U20: 27366352 | V20: =41965+441718+312411 -> 796094 | W20: =4037+2100+2000+1006 -> 9143 | X20: 174869 | Y20: 포니정장학재단 | Z20: 0 | AA20: 0 | AB20: =SUM(U20,V20,Z20,W20,X20) -> 28346458 | AC20: =(AB20/S20)*100 -> 43.009568 | AD20: =100-(75*(AC20-0.1))/(87-0.1) -> 62.966426 | AE20: =AD20*0.03 -> 1.8889928 | AF20: =(U20+V20)/(S20-T20-AA20)*100 -> 42.736511 | AG20: =(U20+V20+Z20+W20+X20-AA20)/(S20-T20-AA20)*100 -> 43.015749 | AH20: =AG20-AF20 -> 0.2792382 | AI20: =IF(AH20<10, 100, IF(AH20<30, 80, IF(AH20<50, 60, IF(AH20<80, 40, IF(AH20<=100, 20))))) -> 100 | AJ20: =AI20*0.04 -> 4 | AK20: 7 | AL20: 14 | AM20: 0 | AN20: =SUM(AK20:AL20) -> 21 | AO20: =(AM20/AN20)*100 -> 0 | AP20: =IF(AO20<10, 100, IF(AO20<20, 80, IF(AO20<30, 60, IF(AO20<50, 40, IF(AO20>=50, 20))))) -> 100 | AQ20: =AP20*0.02 -> 2 | AR20: 4 | AS20: =IF(L20>=2000000000, 0.5, IF(L20<2000000000, 0.25)) -> 0.5 | AT20: =AK20*AS20 -> 3.5 | AU20: =ROUNDDOWN(AT20,0) -> 3 | AV20: =(AR20-AU20)/AK20*100 -> 14.285714 | AW20: =IF(AV20<0, 20, IF(AV20=0, 40, IF(AV20<20, 60, IF(AV20<40, 80, IF(AV20>=40, 100))))) -> 60 | AX20: =AW20*0.01 -> 0.6 | AY20: 10 | AZ20: =8*4+3*2 -> 38 | BA20: =AR20*AY20 -> 40 | BB20: =(AZ20/BA20)*100 -> 95 | BC20: =IF(BB20<70, 25, IF(BB20<80, 50, IF(BB20<90, 75, IF(BB20>=90, 100)))) -> 100 | BD20: =BC20*0.01 -> 1 | BE20: 47656000 | BF20: 3910000 | BG20: 0 | BH20: =SUM(BE20:BF20) -> 51566000 | BI20: =(BG20/BH20)*100 -> 0 | BJ20: =IF(D20="금융업(보험)", "금융업", IF(D20="금융업(증권)", "금융업", IF(D20="금융업(종금)", "금융업", D20))) -> 비제조/서비스업 | BK20: =AVERAGEIF(BJ:BJ, BJ20, BI:BI) -> 1.7464435 | BL20: =BI20-BK20 -> -1.7464435 | BM20: =IF(BL20<-2, 100, IF(BL20<0, 80, IF(BL20<2, 60, IF(BL20<10, 40, 20)))) -> 80 | BN20: =BM20*0.02 -> 1.6 | BO20: 2134000 | BP20: =(BO20/O20)*100 -> 0.064990792 | BQ20: =IF(BP20=0, 25, IF(BP20<0.1, 40, IF(BP20<0.5, 55, IF(BP20<2, 70, IF(BP20<4, 85, IF(BP20>=4, 100)))))) -> 40 | BR20: =BQ20*0.02 -> 0.8 | BS20: 60148973 | BT20: 3449.999 | BU20: =BS20-BT20 -> 60145523 | BV20: =BU20/O20*100 -> 1.8317269 | BW20: =AVERAGEIF(BJ:BJ, BJ20, BV:BV) -> 2.8482825 | BX20: =(BV20-BW20)^2 -> 1.0333854 | BY20: =SQRT(SUMIF(BJ:BJ, BJ20, BX:BX)/COUNTIF(BJ:BJ, BJ20)) -> 5.5697596 | BZ20: =(1-_xlfn.NORM.DIST(BV20, BW20, BY20, TRUE))*100 -> 57.241007 | CA20: =IF(BZ20<=5, 100, IF(BZ20<=15, 85, IF(BZ20<=35, 70, IF(BZ20<=60, 55, IF(BZ20<=90, 40, 25))))) -> 55 | CB20: =CA20*0.02 -> 1.1 | CC20: =(M20/N20)*100 -> 137.74738 | CD20: =IF((100-(75*(CC20-1)/(200-1)))>100, 100, IF((100-(75*(CC20-1)/(200-1)))<25, 25, (100-(75*(CC20-1)/(200-1))))) -> 48.462044 | CE20: =CD20*0.015 -> 0.72693066 | CF20: 평가제외 | CG20: 평가제외 | CH20: 평가제외 | CI20: 평가제외 | CK20: A | CL20: D | CM20: =IF(CL20="A", 100, IF(CL20="B", 85, IF(CL20="C", 70, IF(CL20="D", 55, IF(CL20="E", 40, 25))))) -> 55 | CN20: =CM20*0.015 -> 0.825 | CO20: =500000+120000000+37200000+58000000+60000+300000+7185000+4000000+500000 -> 227745000 | CP20: =(CO20/N20)*100 -> 7.6543634 | CQ20: =IF(CP20<3, 100, IF(CP20<10, 80, IF(CP20<35, 60, IF(CP20<100, 40, IF(CP20>=100, 20))))) -> 80 | CR20: =CQ20*0.03 -> 2.4 | CS20: =_xlfn.XLOOKUP(C20, '1-1. 관계사체무보증금액 (환율 등)'!$3:$3, '1-1. 관계사체무보증금액 (환율 등)'!$33:$33) -> 230000000 | CT20: =(CS20/N20)*100 -> 7.7301525 | CU20: =IF(CT20<3, 100, IF(CT20<10, 80, IF(CT20<35, 60, IF(CT20<100, 40, 20)))) -> 80 | CV20: =CU20*0.02 -> 1.6 | CW20: =AE20+AJ20+AQ20+AX20+BD20+BN20+BR20+CB20+CE20+CJ20+CN20+CR20+CV20 -> 18.540923
A21: HD현대에너지솔루션 | B21: https://dart.fss.or.kr/dsaf001/main.do?rcpNo=20230317000301 | C21: 322000 | D21: 전기전자/기계업 | E21: 반도체 제조업 | F21: 태양광 셀·모듈, PV시스템, ESS | G21: 43788 | H21: 12월 | I21: 박종환 | J21: http://www.hd-hyundaies.co.kr/ | K21: 경기도 | L21: 654805747 | M21: 269730556 | N21: 385075191 | O21: 1022975319 | P21: 95989545 | Q21: 80403526 | R21: 64390770 | S21: 11200000 | T21: 0 | U21: 6000000 | V21: 0 | W21: =10+2000 -> 2010 | X21: 0 | Z21: 0 | AA21: 0 | AB21: =SUM(U21,V21,Z21,W21,X21) -> 6002010 | AC21: =(AB21/S21)*100 -> 53.589375 | AD21: =100-(75*(AC21-0.1))/(87-0.1) -> 53.835407 | AE21: =AD21*0.03 -> 1.6150622 | AF21: =(U21+V21)/(S21-T21-AA21)*100 -> 53.571429 | AG21: =(U21+V21+Z21+W21+X21-AA21)/(S21-T21-AA21)*100 -> 53.589375 | AH21: =AG21-AF21 -> 0.017946429 | AI21: =IF(AH21<10, 100, IF(AH21<30, 80, IF(AH21<50, 60, IF(AH21<80, 40, IF(AH21<=100, 20))))) -> 100 | AJ21: =AI21*0.04 -> 4 | AK21: 5 | AL21: 5 | AM21: 0 | AN21: =SUM(AK21:AL21) -> 10 | AO21: =(AM21/AN21)*100 -> 0 | AP21: =IF(AO21<10, 100, IF(AO21<20, 80, IF(AO21<30, 60, IF(AO21<50, 40, IF(AO21>=50, 20))))) -> 100 | AQ21: =AP21*0.02 -> 2 | AR21: 3 | AS21: =IF(L21>=2000000000, 0.5, IF(L21<2000000000, 0.25)) -> 0.25 | AT21: =AK21*AS21 -> 1.25 | AU21: =ROUNDDOWN(AT21,0) -> 1 | AV21: =(AR21-AU21)/AK21*100 -> 40 | AW21: =IF(AV21<0, 20, IF(AV21=0, 40, IF(AV21<20, 60, IF(AV21<40, 80, IF(AV21>=40, 100))))) -> 100 | AX21: =AW21*0.01 -> 1 | AY21: 7 | AZ21: 21 | BA21: =AR21*AY21 -> 21 | BB21: =(AZ21/BA21)*100 -> 100 | BC21: =IF(BB21<70, 25, IF(BB21<80, 50, IF(BB21<90, 75, IF(BB21>=90, 100)))) -> 100 | BD21: =BC21*0.01 -> 1 | BE21: =6605153+2188203 -> 8793356 | BF21: 773974 | BG21: 0 | BH21: =SUM(BE21:BF21) -> 9567330 | BI21: =(BG21/BH21)*100 -> 0 | BJ21: =IF(D21="금융업(보험)", "금융업", IF(D21="금융업(증권)", "금융업", IF(D21="금융업(종금)", "금융업", D21))) -> 전기전자/기계업 | BK21: =AVERAGEIF(BJ:BJ, BJ21, BI:BI) -> 2.409645 | BL21: =BI21-BK21 -> -2.409645 | BM21: =IF(BL21<-2, 100, IF(BL21<0, 80, IF(BL21<2, 60, IF(BL21<10, 40, 20)))) -> 100 | BN21: =BM21*0.02 -> 2 | BO21: =3973000-532000 -> 3441000 | BP21: =(BO21/O21)*100 -> 0.33637175 | BQ21: =IF(BP21=0, 25, IF(BP21<0.1, 40, IF(BP21<0.5, 55, IF(BP21<2, 70, IF(BP21<4, 85, IF(BP21>=4, 100)))))) -> 55 | BR21: =BQ21*0.02 -> 1.1 | BS21: 13332246 | BT21: 222986.7 | BU21: =BS21-BT21 -> 13109260 | BV21: =BU21/O21*100 -> 1.2814835 | BW21: =AVERAGEIF(BJ:BJ, BJ21, BV:BV) -> 5.2309968 | BX21: =(BV21-BW21)^2 -> 15.598656 | BY21: =SQRT(SUMIF(BJ:BJ, BJ21, BX:BX)/COUNTIF(BJ:BJ, BJ21)) -> 7.0695458 | BZ21: =(1-_xlfn.NORM.DIST(BV21, BW21, BY21, TRUE))*100 -> 71.180508 | CA21: =IF(BZ21<=5, 100, IF(BZ21<=15, 85, IF(BZ21<=35, 70, IF(BZ21<=60, 55, IF(BZ21<=90, 40, 25))))) -> 40 | CB21: =CA21*0.02 -> 0.8 | CC21: =(M21/N21)*100 -> 70.046205 | CD21: =IF((100-(75*(CC21-1)/(200-1)))>100, 100, IF((100-(75*(CC21-1)/(200-1)))<25, 25, (100-(75*(CC21-1)/(200-1))))) -> 73.977561 | CE21: =CD21*0.015 -> 1.1096634 | CF21: 평가제외 | CG21: 평가제외 | CH21: 평가제외 | CI21: 평가제외 | CK21: 미평가 | CL21: F | CM21: =IF(CL21="A", 100, IF(CL21="B", 85, IF(CL21="C", 70, IF(CL21="D", 55, IF(CL21="E", 40, 25))))) -> 25 | CN21: =CM21*0.015 -> 0.375 | CO21: 599000 | CP21: =(CO21/N21)*100 -> 0.15555404 | CQ21: =IF(CP21<3, 100, IF(CP21<10, 80, IF(CP21<35, 60, IF(CP21<100, 40, IF(CP21>=100, 20))))) -> 100 | CR21: =CQ21*0.03 -> 3 | CS21: =_xlfn.XLOOKUP(C21, '1-1. 관계사체무보증금액 (환율 등)'!$3:$3, '1-1. 관계사체무보증금액 (환율 등)'!$33:$33) -> 0 | CT21: =(CS21/N21)*100 -> 0 | CU21: =IF(CT21<3, 100, IF(CT21<10, 80, IF(CT21<35, 60, IF(CT21<100, 40, 20)))) -> 100 | CV21: =CU21*0.02 -> 2 | CW21: =AE21+AJ21+AQ21+AX21+BD21+BN21+BR21+CB21+CE21+CJ21+CN21+CR21+CV21 -> 19.999726
A22: HL D&I | B22: https://dart.fss.or.kr/dsaf001/main.do?rcpNo=20230315001407 | C22: 014790 | D22: 비제조/서비스업 | E22: 토목 건설업 | F22: 토목,건축,전기,환경사업,준설공사,포장공사,주택,중기임대 | G22: 34558 | H22: 12월 | I22: 홍석화 | J22: http://www.halla.co.kr | K22: 서울특별시 | L22: 1405053368 | M22: 1006454557 | N22: 398598812 | O22: 1379461788 | P22: 37587942 | Q22: 27839730 | R22: 18200083 | S22: 37858601 | T22: 0 | U22: 6630563 | V22: =97237+18860+17000+34000 -> 167097 | W22: =24350+17000+18956+13249+15721+2190+525+6600+20000+8608+1000+748+25000 -> 153947 | X22: 869509 | Y22: (학)배달학원 | Z22: =6161208+9006833 -> 15168041 | AA22: 0 | AB22: =SUM(U22,V22,Z22,W22,X22) -> 22989157 | AC22: =(AB22/S22)*100 -> 60.723736 | AD22: =100-(75*(AC22-0.1))/(87-0.1) -> 47.678018 | AE22: =AD22*0.03 -> 1.4303405 | AF22: =(U22+V22)/(S22-T22-AA22)*100 -> 17.955391 | AG22: =(U22+V22+Z22+W22+X22-AA22)/(S22-T22-AA22)*100 -> 60.723736 | AH22: =AG22-AF22 -> 42.768345 | AI22: =IF(AH22<10, 100, IF(AH22<30, 80, IF(AH22<50, 60, IF(AH22<80, 40, IF(AH22<=100, 20))))) -> 60 | AJ22: =AI22*0.04 -> 2.4 | AK22: 8 | AL22: 26 | AM22: 1 | AN22: =SUM(AK22:AL22) -> 34 | AO22: =(AM22/AN22)*100 -> 2.9411765 | AP22: =IF(AO22<10, 100, IF(AO22<20, 80, IF(AO22<30, 60, IF(AO22<50, 40, IF(AO22>=50, 20))))) -> 100 | AQ22: =AP22*0.02 -> 2 | AR22: 4 | AS22: =IF(L22>=2000000000, 0.5, IF(L22<2000000000, 0.25)) -> 0.25 | AT22: =AK22*AS22 -> 2 | AU22: =ROUNDDOWN(AT22,0) -> 2 | AV22: =(AR22-AU22)/AK22*100 -> 25 | AW22: =IF(AV22<0, 20, IF(AV22=0, 40, IF(AV22<20, 60, IF(AV22<40, 80, IF(AV22>=40, 100))))) -> 80 | AX22: =AW22*0.01 -> 0.8 | AY22: 9 | AZ22: =9*4-1 -> 35 | BA22: =AR22*AY22 -> 36 | BB22: =(AZ22/BA22)*100 -> 97.222222 | BC22: =IF(BB22<70, 25, IF(BB22<80, 50, IF(BB22<90, 75, IF(BB22>=90, 100)))) -> 100 | BD22: =BC22*0.01 -> 1 | BE22: 37627818 | BF22: 3211789 | BG22: 1444334 | BH22: =SUM(BE22:BF22) -> 40839607 | BI22: =(BG22/BH22)*100 -> 3.5366011 | BJ22: =IF(D22="금융업(보험)", "금융업", IF(D22="금융업(증권)", "금융업", IF(D22="금융업(종금)", "금융업", D22))) -> 비제조/서비스업 | BK22: =AVERAGEIF(BJ:BJ, BJ22, BI:BI) -> 1.7464435 | BL22: =BI22-BK22 -> 1.7901577 | BM22: =IF(BL22<-2, 100, IF(BL22<0, 80, IF(BL22<2, 60, IF(BL22<10, 40, 20)))) -> 60 | BN22: =BM22*0.02 -> 1.2 | BO22: 3880000 | BP22: =(BO22/O22)*100 -> 0.28126912 | BQ22: =IF(BP22=0, 25, IF(BP22<0.1, 40, IF(BP22<0.5, 55, IF(BP22<2, 70, IF(BP22<4, 85, IF(BP22>=4, 100)))))) -> 55 | BR22: =BQ22*0.02 -> 1.1 | BS22: 332911.14 | BT22: 515990.91 | BU22: =BS22-BT22 -> -183079.77 | BV22: =BU22/O22*100 -> -0.013271826 | BW22: =AVERAGEIF(BJ:BJ, BJ22, BV:BV) -> 2.8482825 | BX22: =(BV22-BW22)^2 -> 8.1884934 | BY22: =SQRT(SUMIF(BJ:BJ, BJ22, BX:BX)/COUNTIF(BJ:BJ, BJ22)) -> 5.5697596 | BZ22: =(1-_xlfn.NORM.DIST(BV22, BW22, BY22, TRUE))*100 -> 69.629228 | CA22: =IF(BZ22<=5, 100, IF(BZ22<=15, 85, IF(BZ22<=35, 70, IF(BZ22<=60, 55, IF(BZ22<=90, 40, 25))))) -> 40 | CB22: =CA22*0.02 -> 0.8 | CC22: =(M22/N22)*100 -> 252.49813 | CD22: =IF((100-(75*(CC22-1)/(200-1)))>100, 100, IF((100-(75*(CC22-1)/(200-1)))<25, 25, (100-(75*(CC22-1)/(200-1))))) -> 25 | CE22: =CD22*0.015 -> 0.375 | CF22: 평가제외 | CG22: 평가제외 | CH22: 평가제외 | CI22: 평가제외 | CK22: BBB+ | CL22: E | CM22: =IF(CL22="A", 100, IF(CL22="B", 85, IF(CL22="C", 70, IF(CL22="D", 55, IF(CL22="E", 40, 25))))) -> 40 | CN22: =CM22*0.015 -> 0.6 | CO22: =2076000+115531000+10826000+272000+100000+1000+7405000+123685000 -> 259896000 | CP22: =(CO22/N22)*100 -> 65.202402 | CQ22: =IF(CP22<3, 100, IF(CP22<10, 80, IF(CP22<35, 60, IF(CP22<100, 40, IF(CP22>=100, 20))))) -> 40 | CR22: =CQ22*0.03 -> 1.2 | CS22: =_xlfn.XLOOKUP(C22, '1-1. 관계사체무보증금액 (환율 등)'!$3:$3, '1-1. 관계사체무보증금액 (환율 등)'!$33:$33) -> 8308000 | CT22: =(CS22/N22)*100 -> 2.0843012 | CU22: =IF(CT22<3, 100, IF(CT22<10, 80, IF(CT22<35, 60, IF(CT22<100, 40, 20)))) -> 100 | CV22: =CU22*0.02 -> 2 | CW22: =AE22+AJ22+AQ22+AX22+BD22+BN22+BR22+CB22+CE22+CJ22+CN22+CR22+CV22 -> 14.905341
A23: HMM | B23: https://dart.fss.or.kr/dsaf001/main.do?rcpNo=20230714000061 | C23: 011200 | D23: 비제조/서비스업 | E23: 해상 운송업 | F23: 정기,부정기,전용선,콘테이너선,자동차선,LNG선 해운 | G23: 34977 | H23: 12월 | I23: 김경배 | J23: http://www.hmm21.com | K23: 서울특별시 | L23: 25684209000 | M23: 5067672000 | N23: 20616537000 | O23: 18429889000 | P23: 9919892000 | Q23: 10124753000 | R23: 10047898000 | S23: 489039496 | T23: 0 | U23: 0 | V23: 0 | W23: =19+1720+3471+720+290+300+3617 -> 10137 | X23: 0 | Z23: 0 | AA23: 0 | AB23: =SUM(U23,V23,Z23,W23,X23) -> 10137 | AC23: =(AB23/S23)*100 -> 0.0020728387 | AD23: =100-(75*(AC23-0.1))/(87-0.1) -> 100.08452 | AE23: =AD23*0.03 -> 3.0025355 | AF23: =(U23+V23)/(S23-T23-AA23)*100 -> 0 | AG23: =(U23+V23+Z23+W23+X23-AA23)/(S23-T23-AA23)*100 -> 0.0020728387 | AH23: =AG23-AF23 -> 0.0020728387 | AI23: =IF(AH23<10, 100, IF(AH23<30, 80, IF(AH23<50, 60, IF(AH23<80, 40, IF(AH23<=100, 20))))) -> 100 | AJ23: =AI23*0.04 -> 4 | AK23: 5 | AL23: 23 | AM23: 0 | AN23: =SUM(AK23:AL23) -> 28 | AO23: =(AM23/AN23)*100 -> 0 | AP23: =IF(AO23<10, 100, IF(AO23<20, 80, IF(AO23<30, 60, IF(AO23<50, 40, IF(AO23>=50, 20))))) -> 100 | AQ23: =AP23*0.02 -> 2 | AR23: 3 | AS23: =IF(L23>=2000000000, 0.5, IF(L23<2000000000, 0.25)) -> 0.5 | AT23: =AK23*AS23 -> 2.5 | AU23: =ROUNDDOWN(AT23,0) -> 2 | AV23: =(AR23-AU23)/AK23*100 -> 20 | AW23: =IF(AV23<0, 20, IF(AV23=0, 40, IF(AV23<20, 60, IF(AV23<40, 80, IF(AV23>=40, 100))))) -> 80 | AX23: =AW23*0.01 -> 0.8 | AY23: 17 | AZ23: =17*3-1 -> 50 | BA23: =AR23*AY23 -> 51 | BB23: =(AZ23/BA23)*100 -> 98.039216 | BC23: =IF(BB23<70, 25, IF(BB23<80, 50, IF(BB23<90, 75, IF(BB23>=90, 100)))) -> 100 | BD23: =BC23*0.01 -> 1 | BE23: 149100000 | BF23: 12705000 | BG23: 0 | BH23: =SUM(BE23:BF23) -> 161805000 | BI23: =(BG23/BH23)*100 -> 0 | BJ23: =IF(D23="금융업(보험)", "금융업", IF(D23="금융업(증권)", "금융업", IF(D23="금융업(종금)", "금융업", D23))) -> 비제조/서비스업 | BK23: =AVERAGEIF(BJ:BJ, BJ23, BI:BI) -> 1.7464435 | BL23: =BI23-BK23 -> -1.7464435 | BM23: =IF(BL23<-2, 100, IF(BL23<0, 80, IF(BL23<2, 60, IF(BL23<10, 40, 20)))) -> 80 | BN23: =BM23*0.02 -> 1.6 | BO23: 109000 | BP23: =(BO23/O23)*100 -> 0.00059143058 | BQ23: =IF(BP23=0, 25, IF(BP23<0.1, 40, IF(BP23<0.5, 55, IF(BP23<2, 70, IF(BP23<4, 85, IF(BP23>=4, 100)))))) -> 40 | BR23: =BQ23*0.02 -> 0.8 | BS23: 412885000 | BT23: 6198000 | BU23: =BS23-BT23 -> 406687000 | BV23: =BU23/O23*100 -> 2.2066709 | BW23: =AVERAGEIF(BJ:BJ, BJ23, BV:BV) -> 2.8482825 | BX23: =(BV23-BW23)^2 -> 0.41166548 | BY23: =SQRT(SUMIF(BJ:BJ, BJ23, BX:BX)/COUNTIF(BJ:BJ, BJ23)) -> 5.5697596 | BZ23: =(1-_xlfn.NORM.DIST(BV23, BW23, BY23, TRUE))*100 -> 54.585494 | CA23: =IF(BZ23<=5, 100, IF(BZ23<=15, 85, IF(BZ23<=35, 70, IF(BZ23<=60, 55, IF(BZ23<=90, 40, 25))))) -> 55 | CB23: =CA23*0.02 -> 1.1 | CC23: =(M23/N23)*100 -> 24.580617 | CD23: =IF((100-(75*(CC23-1)/(200-1)))>100, 100, IF((100-(75*(CC23-1)/(200-1)))<25, 25, (100-(75*(CC23-1)/(200-1))))) -> 91.112833 | CE23: =CD23*0.015 -> 1.3666925 | CF23: 평가제외 | CG23: 평가제외 | CH23: 평가제외 | CI23: 평가제외 | CK23: BBB+, BBB | CL23: E | CM23: =IF(CL23="A", 100, IF(CL23="B", 85, IF(CL23="C", 70, IF(CL23="D", 55, IF(CL23="E", 40, 25))))) -> 40 | CN23: =CM23*0.015 -> 0.6 | CO23: =544740000-31141000-142000-998000-131000-3327000-43974000-152700000-1200000-19770000-519000-609000-651000-57854000-381000-373000-135000-5709000-254000-290000 -> 224582000 | CP23: =(CO23/N23)*100 -> 1.0893294 | CQ23: =IF(CP23<3, 100, IF(CP23<10, 80, IF(CP23<35, 60, IF(CP23<100, 40, IF(CP23>=100, 20))))) -> 100 | CR23: =CQ23*0.03 -> 3 | CS23: =_xlfn.XLOOKUP(C23, '1-1. 관계사체무보증금액 (환율 등)'!$3:$3, '1-1. 관계사체무보증금액 (환율 등)'!$33:$33) -> 1443472000 | CT23: =(CS23/N23)*100 -> 7.001525 | CU23: =IF(CT23<3, 100, IF(CT23<10, 80, IF(CT23<35, 60, IF(CT23<100, 40, 20)))) -> 80 | CV23: =CU23*0.02 -> 1.6 | CW23: =AE23+AJ23+AQ23+AX23+BD23+BN23+BR23+CB23+CE23+CJ23+CN23+CR23+CV23 -> 20.869228
A24: JW생명과학 | B24: https://dart.fss.or.kr/dsaf001/main.do?rcpNo=20230321001126 | C24: 234080 | D24: 식약/섬유/종이업 | E24: 의약품 제조업 | F24: 기초수액, TPN, 특수수액, HEMO, 영양수액 등 | G24: 42670 | H24: 12월 | I24: 차성남 | J24: http://www.jw-lifescience.co.kr | K24: 충청남도 | L24: 254329814 | M24: 113155622 | N24: 141174193 | O24: 184874804 | P24: 26315611 | Q24: 24849352 | R24: 19163516 | S24: 15834554 | T24: 350000 | U24: 6806168 | V24: 0 | W24: =10000+2000+2104 -> 14104 | X24: 0 | Z24: 0 | AA24: 0 | AB24: =SUM(U24,V24,Z24,W24,X24) -> 6820272 | AC24: =(AB24/S24)*100 -> 43.072081 | AD24: =100-(75*(AC24-0.1))/(87-0.1) -> 62.912473 | AE24: =AD24*0.03 -> 1.8873742 | AF24: =(U24+V24)/(S24-T24-AA24)*100 -> 43.954563 | AG24: =(U24+V24+Z24+W24+X24-AA24)/(S24-T24-AA24)*100 -> 44.045647 | AH24: =AG24-AF24 -> 0.091084315 | AI24: =IF(AH24<10, 100, IF(AH24<30, 80, IF(AH24<50, 60, IF(AH24<80, 40, IF(AH24<=100, 20))))) -> 100 | AJ24: =AI24*0.04 -> 4 | AK24: 6 | AL24: 8 | AM24: 1 | AN24: =SUM(AK24:AL24) -> 14 | AO24: =(AM24/AN24)*100 -> 7.1428571 | AP24: =IF(AO24<10, 100, IF(AO24<20, 80, IF(AO24<30, 60, IF(AO24<50, 40, IF(AO24>=50, 20))))) -> 100 | AQ24: =AP24*0.02 -> 2 | AR24: 2 | AS24: =IF(L24>=2000000000, 0.5, IF(L24<2000000000, 0.25)) -> 0.25 | AT24: =AK24*AS24 -> 1.5 | AU24: =ROUNDDOWN(AT24,0) -> 1 | AV24: =(AR24-AU24)/AK24*100 -> 16.666667 | AW24: =IF(AV24<0, 20, IF(AV24=0, 40, IF(AV24<20, 60, IF(AV24<40, 80, IF(AV24>=40, 100))))) -> 60 | AX24: =AW24*0.01 -> 0.6 | AY24: 12 | AZ24: =2*12-5 -> 19 | BA24: =AR24*AY24 -> 24 | BB24: =(AZ24/BA24)*100 -> 79.166667 | BC24: =IF(BB24<70, 25, IF(BB24<80, 50, IF(BB24<90, 75, IF(BB24>=90, 100)))) -> 50 | BD24: =BC24*0.01 -> 0.5 | BE24: 3313157 | BF24: 318293 | BG24: 18555 | BH24: =SUM(BE24:BF24) -> 3631450 | BI24: =(BG24/BH24)*100 -> 0.51095293 | BJ24: =IF(D24="금융업(보험)", "금융업", IF(D24="금융업(증권)", "금융업", IF(D24="금융업(종금)", "금융업", D24))) -> 식약/섬유/종이업 | BK24: =AVERAGEIF(BJ:BJ, BJ24, BI:BI) -> 2.1999361 | BL24: =BI24-BK24 -> -1.6889831 | BM24: =IF(BL24<-2, 100, IF(BL24<0, 80, IF(BL24<2, 60, IF(BL24<10, 40, 20)))) -> 80 | BN24: =BM24*0.02 -> 1.6 | BO24: 6899000 | BP24: =(BO24/O24)*100 -> 3.7317146 | BQ24: =IF(BP24=0, 25, IF(BP24<0.1, 40, IF(BP24<0.5, 55, IF(BP24<2, 70, IF(BP24<4, 85, IF(BP24>=4, 100)))))) -> 85 | BR24: =BQ24*0.02 -> 1.7 | BS24: 7955194.7 | BT24: 2000 | BU24: =BS24-BT24 -> 7953194.7 | BV24: =BU24/O24*100 -> 4.3019354 | BW24: =AVERAGEIF(BJ:BJ, BJ24, BV:BV) -> 5.0508176 | BX24: =(BV24-BW24)^2 -> 0.56082452 | BY24: =SQRT(SUMIF(BJ:BJ, BJ24, BX:BX)/COUNTIF(BJ:BJ, BJ24)) -> 6.9871618 | BZ24: =(1-_xlfn.NORM.DIST(BV24, BW24, BY24, TRUE))*100 -> 54.267681 | CA24: =IF(BZ24<=5, 100, IF(BZ24<=15, 85, IF(BZ24<=35, 70, IF(BZ24<=60, 55, IF(BZ24<=90, 40, 25))))) -> 55 | CB24: =CA24*0.02 -> 1.1 | CC24: =(M24/N24)*100 -> 80.153192 | CD24: =IF((100-(75*(CC24-1)/(200-1)))>100, 100, IF((100-(75*(CC24-1)/(200-1)))<25, 25, (100-(75*(CC24-1)/(200-1))))) -> 70.168395 | CE24: =CD24*0.015 -> 1.0525259 | CF24: 평가제외 | CG24: 평가제외 | CH24: 평가제외 | CI24: 평가제외 | CK24: BBB- | CL24: F | CM24: =IF(CL24="A", 100, IF(CL24="B", 85, IF(CL24="C", 70, IF(CL24="D", 55, IF(CL24="E", 40, 25))))) -> 25 | CN24: =CM24*0.015 -> 0.375 | CO24: 14275000 | CP24: =(CO24/N24)*100 -> 10.111621 | CQ24: =IF(CP24<3, 100, IF(CP24<10, 80, IF(CP24<35, 60, IF(CP24<100, 40, IF(CP24>=100, 20))))) -> 60 | CR24: =CQ24*0.03 -> 1.8 | CS24: =_xlfn.XLOOKUP(C24, '1-1. 관계사체무보증금액 (환율 등)'!$3:$3, '1-1. 관계사체무보증금액 (환율 등)'!$33:$33) -> 18778000 | CT24: =(CS24/N24)*100 -> 13.301298 | CU24: =IF(CT24<3, 100, IF(CT24<10, 80, IF(CT24<35, 60, IF(CT24<100, 40, 20)))) -> 60 | CV24: =CU24*0.02 -> 1.2 | CW24: =AE24+AJ24+AQ24+AX24+BD24+BN24+BR24+CB24+CE24+CJ24+CN24+CR24+CV24 -> 17.8149
A25: KG스틸 | B25: https://dart.fss.or.kr/dsaf001/main.do?rcpNo=20230315000071 | C25: 016380 | D25: 금속/비금속/화학업 | E25: 1차 철강 제조업 | F25: 철강재(냉연강판,아연도강판,칼라강판,석도강판,선재류,강관,형강,봉강),비철금속 제조,도매 | G25: 31446 | H25: 12월 | I25: 박성희 | J25: http://kg-steel.co.kr | K25: 서울특별시 | L25: 2935263009 | M25: 1282845349 | N25: 1652417660 | O25: 3676462979 | P25: 325853385 | Q25: 376778870 | R25: 526787734 | S25: 100008897 | T25: 6585 | U25: 40000000 | V25: 0 | W25: 131 | X25: 0 | Z25: 0 | AA25: 0 | AB25: =SUM(U25,V25,Z25,W25,X25) -> 40000131 | AC25: =(AB25/S25)*100 -> 39.996573 | AD25: =100-(75*(AC25-0.1))/(87-0.1) -> 65.566825 | AE25: =AD25*0.03 -> 1.9670047 | AF25: =(U25+V25)/(S25-T25-AA25)*100 -> 39.999075 | AG25: =(U25+V25+Z25+W25+X25-AA25)/(S25-T25-AA25)*100 -> 39.999206 | AH25: =AG25-AF25 -> 0.00013099697 | AI25: =IF(AH25<10, 100, IF(AH25<30, 80, IF(AH25<50, 60, IF(AH25<80, 40, IF(AH25<=100, 20))))) -> 100 | AJ25: =AI25*0.04 -> 4 | AK25: 7 | AL25: 13 | AM25: 1 | AN25: =SUM(AK25:AL25) -> 20 | AO25: =(AM25/AN25)*100 -> 5 | AP25: =IF(AO25<10, 100, IF(AO25<20, 80, IF(AO25<30, 60, IF(AO25<50, 40, IF(AO25>=50, 20))))) -> 100 | AQ25: =AP25*0.02 -> 2 | AR25: 4 | AS25: =IF(L25>=2000000000, 0.5, IF(L25<2000000000, 0.25)) -> 0.5 | AT25: =AK25*AS25 -> 3.5 | AU25: =ROUNDDOWN(AT25,0) -> 3 | AV25: =(AR25-AU25)/AK25*100 -> 14.285714 | AW25: =IF(AV25<0, 20, IF(AV25=0, 40, IF(AV25<20, 60, IF(AV25<40, 80, IF(AV25>=40, 100))))) -> 60 | AX25: =AW25*0.01 -> 0.6 | AY25: 11 | AZ25: =44-3 -> 41 | BA25: =AR25*AY25 -> 44 | BB25: =(AZ25/BA25)*100 -> 93.181818 | BC25: =IF(BB25<70, 25, IF(BB25<80, 50, IF(BB25<90, 75, IF(BB25>=90, 100)))) -> 100 | BD25: =BC25*0.01 -> 1 | BE25: 17067 | BF25: 1342 | BG25: 0 | BH25: =SUM(BE25:BF25) -> 18409 | BI25: =(BG25/BH25)*100 -> 0 | BJ25: =IF(D25="금융업(보험)", "금융업", IF(D25="금융업(증권)", "금융업", IF(D25="금융업(종금)", "금융업", D25))) -> 금속/비금속/화학업 | BK25: =AVERAGEIF(BJ:BJ, BJ25, BI:BI) -> 3.9534119 | BL25: =BI25-BK25 -> -3.9534119 | BM25: =IF(BL25<-2, 100, IF(BL25<0, 80, IF(BL25<2, 60, IF(BL25<10, 40, 20)))) -> 100 | BN25: =BM25*0.02 -> 2 | BO25: 2143000 | BP25: =(BO25/O25)*100 -> 0.058289721 | BQ25: =IF(BP25=0, 25, IF(BP25<0.1, 40, IF(BP25<0.5, 55, IF(BP25<2, 70, IF(BP25<4, 85, IF(BP25>=4, 100)))))) -> 40 | BR25: =BQ25*0.02 -> 0.8 | BS25: 30241194 | BT25: 44482987 | BU25: =BS25-BT25 -> -14241792 | BV25: =BU25/O25*100 -> -0.38737755 | BW25: =AVERAGEIF(BJ:BJ, BJ25, BV:BV) -> 5.1474159 | BX25: =(BV25-BW25)^2 -> 30.633938 | BY25: =SQRT(SUMIF(BJ:BJ, BJ25, BX:BX)/COUNTIF(BJ:BJ, BJ25)) -> 6.6930499 | BZ25: =(1-_xlfn.NORM.DIST(BV25, BW25, BY25, TRUE))*100 -> 79.586628 | CA25: =IF(BZ25<=5, 100, IF(BZ25<=15, 85, IF(BZ25<=35, 70, IF(BZ25<=60, 55, IF(BZ25<=90, 40, 25))))) -> 40 | CB25: =CA25*0.02 -> 0.8 | CC25: =(M25/N25)*100 -> 77.634449 | CD25: =IF((100-(75*(CC25-1)/(200-1)))>100, 100, IF((100-(75*(CC25-1)/(200-1)))<25, 25, (100-(75*(CC25-1)/(200-1))))) -> 71.11767 | CE25: =CD25*0.015 -> 1.066765 | CF25: 평가제외 | CG25: 평가제외 | CH25: 평가제외 | CI25: 평가제외 | CK25: 미평가 | CL25: F | CM25: =IF(CL25="A", 100, IF(CL25="B", 85, IF(CL25="C", 70, IF(CL25="D", 55, IF(CL25="E", 40, 25))))) -> 25 | CN25: =CM25*0.015 -> 0.375 | CO25: =209000+2530000+5773000+206430000+4351000+90000000+411000 -> 309704000 | CP25: =(CO25/N25)*100 -> 18.742477 | CQ25: =IF(CP25<3, 100, IF(CP25<10, 80, IF(CP25<35, 60, IF(CP25<100, 40, IF(CP25>=100, 20))))) -> 60 | CR25: =CQ25*0.03 -> 1.8 | CS25: =_xlfn.XLOOKUP(C25, '1-1. 관계사체무보증금액 (환율 등)'!$3:$3, '1-1. 관계사체무보증금액 (환율 등)'!$33:$33) -> 20268342 | CT25: =(CS25/N25)*100 -> 1.2265871 | CU25: =IF(CT25<3, 100, IF(CT25<10, 80, IF(CT25<35, 60, IF(CT25<100, 40, 20)))) -> 100 | CV25: =CU25*0.02 -> 2 | CW25: =AE25+AJ25+AQ25+AX25+BD25+BN25+BR25+CB25+CE25+CJ25+CN25+CR25+CV25 -> 18.40877
A26: KPX케미칼 | B26: https://dart.fss.or.kr/dsaf001/main.do?rcpNo=20230316000950 | C26: 025000 | D26: 금속/비금속/화학업 | E26: 기초 화학물질 제조업 | F26: PPG,PU RESIN,우레탄수지,대향막박리재,반도체 CM PAD,Polyether Polyol,산업용기초화학제품,화공약품 제조,판매 | G26: 34695 | H26: 12월 | I26: 양준영, 최재호, 이찬수(각자대표이사) | J26: http://www.kpxchemical.com | K26: 서울특별시 | L26: 700649653 | M26: 158687185 | N26: 541962468 | O26: 797448219 | P26: 35898934 | Q26: 35959716 | R26: 29458044 | S26: 4840000 | T26: 84779 | U26: 2401112 | V26: =56656+5254+933+7414+416 -> 70673 | W26: 5254 | X26: 0 | Z26: 0 | AA26: 0 | AB26: =SUM(U26,V26,Z26,W26,X26) -> 2477039 | AC26: =(AB26/S26)*100 -> 51.178492 | AD26: =100-(75*(AC26-0.1))/(87-0.1) -> 55.916146 | AE26: =AD26*0.03 -> 1.6774844 | AF26: =(U26+V26)/(S26-T26-AA26)*100 -> 51.980444 | AG26: =(U26+V26+Z26+W26+X26-AA26)/(S26-T26-AA26)*100 -> 52.090933 | AH26: =AG26-AF26 -> 0.11048908 | AI26: =IF(AH26<10, 100, IF(AH26<30, 80, IF(AH26<50, 60, IF(AH26<80, 40, IF(AH26<=100, 20))))) -> 100 | AJ26: =AI26*0.04 -> 4 | AK26: 7 | AL26: 16 | AM26: 1 | AN26: =SUM(AK26:AL26) -> 23 | AO26: =(AM26/AN26)*100 -> 4.3478261 | AP26: =IF(AO26<10, 100, IF(AO26<20, 80, IF(AO26<30, 60, IF(AO26<50, 40, IF(AO26>=50, 20))))) -> 100 | AQ26: =AP26*0.02 -> 2 | AR26: 2 | AS26: =IF(L26>=2000000000, 0.5, IF(L26<2000000000, 0.25)) -> 0.25 | AT26: =AK26*AS26 -> 1.75 | AU26: =ROUNDDOWN(AT26,0) -> 1 | AV26: =(AR26-AU26)/AK26*100 -> 14.285714 | AW26: =IF(AV26<0, 20, IF(AV26=0, 40, IF(AV26<20, 60, IF(AV26<40, 80, IF(AV26>=40, 100))))) -> 60 | AX26: =AW26*0.01 -> 0.6 | AY26: 13 | AZ26: 26 | BA26: =AR26*AY26 -> 26 | BB26: =(AZ26/BA26)*100 -> 100 | BC26: =IF(BB26<70, 25, IF(BB26<80, 50, IF(BB26<90, 75, IF(BB26>=90, 100)))) -> 100 | BD26: =BC26*0.01 -> 1 | BE26: 6785886.6 | BF26: 501528.96 | BG26: 674616.26 | BH26: =SUM(BE26:BF26) -> 7287415.6 | BI26: =(BG26/BH26)*100 -> 9.2572771 | BJ26: =IF(D26="금융업(보험)", "금융업", IF(D26="금융업(증권)", "금융업", IF(D26="금융업(종금)", "금융업", D26))) -> 금속/비금속/화학업 | BK26: =AVERAGEIF(BJ:BJ, BJ26, BI:BI) -> 3.9534119 | BL26: =BI26-BK26 -> 5.3038653 | BM26: =IF(BL26<-2, 100, IF(BL26<0, 80, IF(BL26<2, 60, IF(BL26<10, 40, 20)))) -> 40 | BN26: =BM26*0.02 -> 0.8 | BO26: 4614897 | BP26: =(BO26/O26)*100 -> 0.57870805 | BQ26: =IF(BP26=0, 25, IF(BP26<0.1, 40, IF(BP26<0.5, 55, IF(BP26<2, 70, IF(BP26<4, 85, IF(BP26>=4, 100)))))) -> 70 | BR26: =BQ26*0.02 -> 1.4 | BS26: 46082546 | BT26: 35727.364 | BU26: =BS26-BT26 -> 46046819 | BV26: =BU26/O26*100 -> 5.7742707 | BW26: =AVERAGEIF(BJ:BJ, BJ26, BV:BV) -> 5.1474159 | BX26: =(BV26-BW26)^2 -> 0.39294698 | BY26: =SQRT(SUMIF(BJ:BJ, BJ26, BX:BX)/COUNTIF(BJ:BJ, BJ26)) -> 6.6930499 | BZ26: =(1-_xlfn.NORM.DIST(BV26, BW26, BY26, TRUE))*100 -> 46.269059 | CA26: =IF(BZ26<=5, 100, IF(BZ26<=15, 85, IF(BZ26<=35, 70, IF(BZ26<=60, 55, IF(BZ26<=90, 40, 25))))) -> 55 | CB26: =CA26*0.02 -> 1.1 | CC26: =(M26/N26)*100 -> 29.280106 | CD26: =IF((100-(75*(CC26-1)/(200-1)))>100, 100, IF((100-(75*(CC26-1)/(200-1)))<25, 25, (100-(75*(CC26-1)/(200-1))))) -> 89.341669 | CE26: =CD26*0.015 -> 1.340125 | CF26: 평가제외 | CG26: 평가제외 | CH26: 평가제외 | CI26: 평가제외 | CK26: 미공시 | CL26: F | CM26: =IF(CL26="A", 100, IF(CL26="B", 85, IF(CL26="C", 70, IF(CL26="D", 55, IF(CL26="E", 40, 25))))) -> 25 | CN26: =CM26*0.015 -> 0.375 | CO26: =8731434+420200+3208650 -> 12360284 | CP26: =(CO26/N26)*100 -> 2.2806531 | CQ26: =IF(CP26<3, 100, IF(CP26<10, 80, IF(CP26<35, 60, IF(CP26<100, 40, IF(CP26>=100, 20))))) -> 100 | CR26: =CQ26*0.03 -> 3 | CS26: =_xlfn.XLOOKUP(C26, '1-1. 관계사체무보증금액 (환율 등)'!$3:$3, '1-1. 관계사체무보증금액 (환율 등)'!$33:$33) -> 10114525 | CT26: =(CS26/N26)*100 -> 1.8662778 | CU26: =IF(CT26<3, 100, IF(CT26<10, 80, IF(CT26<35, 60, IF(CT26<100, 40, 20)))) -> 100 | CV26: =CU26*0.02 -> 2 | CW26: =AE26+AJ26+AQ26+AX26+BD26+BN26+BR26+CB26+CE26+CJ26+CN26+CR26+CV26 -> 19.292609
A27: KSS해운 | B27: https://dart.fss.or.kr/dsaf001/main.do?rcpNo=20230316000684 | C27: 044450 | D27: 비제조/서비스업 | E27: 해상 운송업 | F27: 특수화물해상운송(액화가스,LPG,암모니아,VCM,석유화학제품 등), 선박대여 | G27: 39381 | H27: 12월 | I27: 박찬도 | J27: http://www.kssline.com | K27: 서울특별시 | L27: 1612037798 | M27: 1209670390 | N27: 402367409 | O27: 403836166 | P27: 64029204 | Q27: 42678216 | R27: 42137473 | S27: 23085880 | T27: 508355 | U27: 3585386 | V27: =100000*3+300000*2+900 -> 900900 | W27: =11000+10536+2800+1899 -> 26235 | X27: 400000 | Y27: 바른경제동인회 | Z27: 0 | AA27: 0 | AB27: =SUM(U27,V27,Z27,W27,X27) -> 4912521 | AC27: =(AB27/S27)*100 -> 21.279332 | AD27: =100-(75*(AC27-0.1))/(87-0.1) -> 81.720945 | AE27: =AD27*0.03 -> 2.4516283 | AF27: =(U27+V27)/(S27-T27-AA27)*100 -> 19.870584 | AG27: =(U27+V27+Z27+W27+X27-AA27)/(S27-T27-AA27)*100 -> 21.758457 | AH27: =AG27-AF27 -> 1.887873 | AI27: =IF(AH27<10, 100, IF(AH27<30, 80, IF(AH27<50, 60, IF(AH27<80, 40, IF(AH27<=100, 20))))) -> 100 | AJ27: =AI27*0.04 -> 4 | AK27: 7 | AL27: 0 | AM27: 0 | AN27: =SUM(AK27:AL27) -> 7 | AO27: =(AM27/AN27)*100 -> 0 | AP27: =IF(AO27<10, 100, IF(AO27<20, 80, IF(AO27<30, 60, IF(AO27<50, 40, IF(AO27>=50, 20))))) -> 100 | AQ27: =AP27*0.02 -> 2 | AR27: 5 | AS27: =IF(L27>=2000000000, 0.5, IF(L27<2000000000, 0.25)) -> 0.25 | AT27: =AK27*AS27 -> 1.75 | AU27: =ROUNDDOWN(AT27,0) -> 1 | AV27: =(AR27-AU27)/AK27*100 -> 57.142857 | AW27: =IF(AV27<0, 20, IF(AV27=0, 40, IF(AV27<20, 60, IF(AV27<40, 80, IF(AV27>=40, 100))))) -> 100 | AX27: =AW27*0.01 -> 1 | AY27: 12 | AZ27: =12*4+9 -> 57 | BA27: =AR27*AY27 -> 60 | BB27: =(AZ27/BA27)*100 -> 95 | BC27: =IF(BB27<70, 25, IF(BB27<80, 50, IF(BB27<90, 75, IF(BB27>=90, 100)))) -> 100 | BD27: =BC27*0.01 -> 1 | BE27: 34395298 | BF27: 2599484 | BG27: 0 | BH27: =SUM(BE27:BF27) -> 36994782 | BI27: =(BG27/BH27)*100 -> 0 | BJ27: =IF(D27="금융업(보험)", "금융업", IF(D27="금융업(증권)", "금융업", IF(D27="금융업(종금)", "금융업", D27))) -> 비제조/서비스업 | BK27: =AVERAGEIF(BJ:BJ, BJ27, BI:BI) -> 1.7464435 | BL27: =BI27-BK27 -> -1.7464435 | BM27: =IF(BL27<-2, 100, IF(BL27<0, 80, IF(BL27<2, 60, IF(BL27<10, 40, 20)))) -> 80 | BN27: =BM27*0.02 -> 1.6 | BO27: 0 | BP27: =(BO27/O27)*100 -> 0 | BQ27: =IF(BP27=0, 25, IF(BP27<0.1, 40, IF(BP27<0.5, 55, IF(BP27<2, 70, IF(BP27<4, 85, IF(BP27>=4, 100)))))) -> 25 | BR27: =BQ27*0.02 -> 0.5 | BS27: 168776489 | BT27: 15439315 | BU27: =BS27-BT27 -> 153337174 | BV27: =BU27/O27*100 -> 37.970144 | BW27: =AVERAGEIF(BJ:BJ, BJ27, BV:BV) -> 2.8482825 | BX27: =(BV27-BW27)^2 -> 1233.5452 | BY27: =SQRT(SUMIF(BJ:BJ, BJ27, BX:BX)/COUNTIF(BJ:BJ, BJ27)) -> 5.5697596 | BZ27: =(1-_xlfn.NORM.DIST(BV27, BW27, BY27, TRUE))*100 -> 1.4334267e-08 | CA27: =IF(BZ27<=5, 100, IF(BZ27<=15, 85, IF(BZ27<=35, 70, IF(BZ27<=60, 55, IF(BZ27<=90, 40, 25))))) -> 100 | CB27: =CA27*0.02 -> 2 | CC27: =(M27/N27)*100 -> 300.63826 | CD27: =IF((100-(75*(CC27-1)/(200-1)))>100, 100, IF((100-(75*(CC27-1)/(200-1)))<25, 25, (100-(75*(CC27-1)/(200-1))))) -> 25 | CE27: =CD27*0.015 -> 0.375 | CF27: 평가제외 | CG27: 평가제외 | CH27: 평가제외 | CI27: 평가제외 | CK27: 미평가 | CL27: F | CM27: =IF(CL27="A", 100, IF(CL27="B", 85, IF(CL27="C", 70, IF(CL27="D", 55, IF(CL27="E", 40, 25))))) -> 25 | CN27: =CM27*0.015 -> 0.375 | CO27: =1125000+120000 -> 1245000 | CP27: =(CO27/N27)*100 -> 0.3094187 | CQ27: =IF(CP27<3, 100, IF(CP27<10, 80, IF(CP27<35, 60, IF(CP27<100, 40, IF(CP27>=100, 20))))) -> 100 | CR27: =CQ27*0.03 -> 3 | CS27: =_xlfn.XLOOKUP(C27, '1-1. 관계사체무보증금액 (환율 등)'!$3:$3, '1-1. 관계사체무보증금액 (환율 등)'!$33:$33) -> 0 | CT27: =(CS27/N27)*100 -> 0 | CU27: =IF(CT27<3, 100, IF(CT27<10, 80, IF(CT27<35, 60, IF(CT27<100, 40, 20)))) -> 100 | CV27: =CU27*0.02 -> 2 | CW27: =AE27+AJ27+AQ27+AX27+BD27+BN27+BR27+CB27+CE27+CJ27+CN27+CR27+CV27 -> 20.301628
A28: KTcs | B28: https://dart.fss.or.kr/dsaf001/main.do?rcpNo=20230322000776 | C28: 058850 | D28: 비제조/서비스업 | E28: 기타 정보 서비스업 | F28: 전화번호검색 데이타제공/콜센터 운영 | G28: 40437 | H28: 12월 | I28: 박경원 | J28: http://www.ktcs.co.kr | K28: 대전광역시 | L28: 302046228 | M28: 136864055 | N28: 165182173 | O28: 591580546 | P28: 16184660 | Q28: 17205979 | R28: 13158812 | S28: 42685000 | T28: 4746271 | U28: =4954704+3177426 -> 8132130 | V28: 0 | W28: =5440+6707+5121+2000+5000+4600+3000+1000 -> 32868 | X28: 0 | Z28: 4800000 | AA28: 0 | AB28: =SUM(U28,V28,Z28,W28,X28) -> 12964998 | AC28: =(AB28/S28)*100 -> 30.373663 | AD28: =100-(75*(AC28-0.1))/(87-0.1) -> 73.871983 | AE28: =AD28*0.03 -> 2.2161595 | AF28: =(U28+V28)/(S28-T28-AA28)*100 -> 21.434904 | AG28: =(U28+V28+Z28+W28+X28-AA28)/(S28-T28-AA28)*100 -> 34.173517 | AH28: =AG28-AF28 -> 12.738613 | AI28: =IF(AH28<10, 100, IF(AH28<30, 80, IF(AH28<50, 60, IF(AH28<80, 40, IF(AH28<=100, 20))))) -> 80 | AJ28: =AI28*0.04 -> 3.2 | AK28: 7 | AL28: 11 | AM28: 0 | AN28: =SUM(AK28:AL28) -> 18 | AO28: =(AM28/AN28)*100 -> 0 | AP28: =IF(AO28<10, 100, IF(AO28<20, 80, IF(AO28<30, 60, IF(AO28<50, 40, IF(AO28>=50, 20))))) -> 100 | AQ28: =AP28*0.02 -> 2 | AR28: 3 | AS28: =IF(L28>=2000000000, 0.5, IF(L28<2000000000, 0.25)) -> 0.25 | AT28: =AK28*AS28 -> 1.75 | AU28: =ROUNDDOWN(AT28,0) -> 1 | AV28: =(AR28-AU28)/AK28*100 -> 28.571429 | AW28: =IF(AV28<0, 20, IF(AV28=0, 40, IF(AV28<20, 60, IF(AV28<40, 80, IF(AV28>=40, 100))))) -> 80 | AX28: =AW28*0.01 -> 0.8 | AY28: 8 | AZ28: 24 | BA28: =AR28*AY28 -> 24 | BB28: =(AZ28/BA28)*100 -> 100 | BC28: =IF(BB28<70, 25, IF(BB28<80, 50, IF(BB28<90, 75, IF(BB28>=90, 100)))) -> 100 | BD28: =BC28*0.01 -> 1 | BE28: 283163746 | BF28: =11407128+9033994 -> 20441122 | BG28: 41561 | BH28: =SUM(BE28:BF28) -> 303604868 | BI28: =(BG28/BH28)*100 -> 0.013689174 | BJ28: =IF(D28="금융업(보험)", "금융업", IF(D28="금융업(증권)", "금융업", IF(D28="금융업(종금)", "금융업", D28))) -> 비제조/서비스업 | BK28: =AVERAGEIF(BJ:BJ, BJ28, BI:BI) -> 1.7464435 | BL28: =BI28-BK28 -> -1.7327543 | BM28: =IF(BL28<-2, 100, IF(BL28<0, 80, IF(BL28<2, 60, IF(BL28<10, 40, 20)))) -> 80 | BN28: =BM28*0.02 -> 1.6 | BO28: 0 | BP28: =(BO28/O28)*100 -> 0 | BQ28: =IF(BP28=0, 25, IF(BP28<0.1, 40, IF(BP28<0.5, 55, IF(BP28<2, 70, IF(BP28<4, 85, IF(BP28>=4, 100)))))) -> 25 | BR28: =BQ28*0.02 -> 0.5 | BS28: 8637224.8 | BT28: 19096.92 | BU28: =BS28-BT28 -> 8618127.9 | BV28: =BU28/O28*100 -> 1.456797 | BW28: =AVERAGEIF(BJ:BJ, BJ28, BV:BV) -> 2.8482825 | BX28: =(BV28-BW28)^2 -> 1.9362319 | BY28: =SQRT(SUMIF(BJ:BJ, BJ28, BX:BX)/COUNTIF(BJ:BJ, BJ28)) -> 5.5697596 | BZ28: =(1-_xlfn.NORM.DIST(BV28, BW28, BY28, TRUE))*100 -> 59.864007 | CA28: =IF(BZ28<=5, 100, IF(BZ28<=15, 85, IF(BZ28<=35, 70, IF(BZ28<=60, 55, IF(BZ28<=90, 40, 25))))) -> 55 | CB28: =CA28*0.02 -> 1.1 | CC28: =(M28/N28)*100 -> 82.856432 | CD28: =IF((100-(75*(CC28-1)/(200-1)))>100, 100, IF((100-(75*(CC28-1)/(200-1)))<25, 25, (100-(75*(CC28-1)/(200-1))))) -> 69.149586 | CE28: =CD28*0.015 -> 1.0372438 | CF28: 평가제외 | CG28: 평가제외 | CH28: 평가제외 | CI28: 평가제외 | CK28: AA- | CL28: C | CM28: =IF(CL28="A", 100, IF(CL28="B", 85, IF(CL28="C", 70, IF(CL28="D", 55, IF(CL28="E", 40, 25))))) -> 70 | CN28: =CM28*0.015 -> 1.05 | CO28: =17893000+610000 -> 18503000 | CP28: =(CO28/N28)*100 -> 11.201572 | CQ28: =IF(CP28<3, 100, IF(CP28<10, 80, IF(CP28<35, 60, IF(CP28<100, 40, IF(CP28>=100, 20))))) -> 60 | CR28: =CQ28*0.03 -> 1.8 | CS28: =_xlfn.XLOOKUP(C28, '1-1. 관계사체무보증금액 (환율 등)'!$3:$3, '1-1. 관계사체무보증금액 (환율 등)'!$33:$33) -> 0 | CT28: =(CS28/N28)*100 -> 0 | CU28: =IF(CT28<3, 100, IF(CT28<10, 80, IF(CT28<35, 60, IF(CT28<100, 40, 20)))) -> 100 | CV28: =CU28*0.02 -> 2 | CW28: =AE28+AJ28+AQ28+AX28+BD28+BN28+BR28+CB28+CE28+CJ28+CN28+CR28+CV28 -> 18.303403
A29: KTis | B29: https://dart.fss.or.kr/dsaf001/main.do?rcpNo=20230323000613 | C29: 058860 | D29: 비제조/서비스업 | E29: 기타 정보 서비스업 | F29: 114전화번호안내, 고객센터 | G29: 40529 | H29: 12월 | I29: 윤경근 | J29: http://www.ktis.co.kr | K29: 서울특별시 | L29: 396208069 | M29: 199203706 | N29: 197004363 | O29: 535783306 | P29: 19544619 | Q29: 19862607 | R29: 15916624 | S29: 34802000 | T29: 4182218 | U29: 10196190 | V29: 0 | W29: =4000*3+620+2000+310+100+548 -> 15578 | X29: 0 | Z29: 0 | AA29: 0 | AB29: =SUM(U29,V29,Z29,W29,X29) -> 10211768 | AC29: =(AB29/S29)*100 -> 29.342475 | AD29: =100-(75*(AC29-0.1))/(87-0.1) -> 74.761961 | AE29: =AD29*0.03 -> 2.2428588 | AF29: =(U29+V29)/(S29-T29-AA29)*100 -> 33.299355 | AG29: =(U29+V29+Z29+W29+X29-AA29)/(S29-T29-AA29)*100 -> 33.350231 | AH29: =AG29-AF29 -> 0.050875607 | AI29: =IF(AH29<10, 100, IF(AH29<30, 80, IF(AH29<50, 60, IF(AH29<80, 40, IF(AH29<=100, 20))))) -> 100 | AJ29: =AI29*0.04 -> 4 | AK29: 7 | AL29: 10 | AM29: 0 | AN29: =SUM(AK29:AL29) -> 17 | AO29: =(AM29/AN29)*100 -> 0 | AP29: =IF(AO29<10, 100, IF(AO29<20, 80, IF(AO29<30, 60, IF(AO29<50, 40, IF(AO29>=50, 20))))) -> 100 | AQ29: =AP29*0.02 -> 2 | AR29: 3 | AS29: =IF(L29>=2000000000, 0.5, IF(L29<2000000000, 0.25)) -> 0.25 | AT29: =AK29*AS29 -> 1.75 | AU29: =ROUNDDOWN(AT29,0) -> 1 | AV29: =(AR29-AU29)/AK29*100 -> 28.571429 | AW29: =IF(AV29<0, 20, IF(AV29=0, 40, IF(AV29<20, 60, IF(AV29<40, 80, IF(AV29>=40, 100))))) -> 80 | AX29: =AW29*0.01 -> 0.8 | AY29: 11 | AZ29: =3*9+4 -> 31 | BA29: =AR29*AY29 -> 33 | BB29: =(AZ29/BA29)*100 -> 93.939394 | BC29: =IF(BB29<70, 25, IF(BB29<80, 50, IF(BB29<90, 75, IF(BB29>=90, 100)))) -> 100 | BD29: =BC29*0.01 -> 1 | BE29: 255347461 | BF29: =16175248+4096262 -> 20271510 | BG29: 0 | BH29: =SUM(BE29:BF29) -> 275618971 | BI29: =(BG29/BH29)*100 -> 0 | BJ29: =IF(D29="금융업(보험)", "금융업", IF(D29="금융업(증권)", "금융업", IF(D29="금융업(종금)", "금융업", D29))) -> 비제조/서비스업 | BK29: =AVERAGEIF(BJ:BJ, BJ29, BI:BI) -> 1.7464435 | BL29: =BI29-BK29 -> -1.7464435 | BM29: =IF(BL29<-2, 100, IF(BL29<0, 80, IF(BL29<2, 60, IF(BL29<10, 40, 20)))) -> 80 | BN29: =BM29*0.02 -> 1.6 | BO29: 0 | BP29: =(BO29/O29)*100 -> 0 | BQ29: =IF(BP29=0, 25, IF(BP29<0.1, 40, IF(BP29<0.5, 55, IF(BP29<2, 70, IF(BP29<4, 85, IF(BP29>=4, 100)))))) -> 25 | BR29: =BQ29*0.02 -> 0.5 | BS29: 19768143 | BT29: 187058.08 | BU29: =BS29-BT29 -> 19581085 | BV29: =BU29/O29*100 -> 3.654665 | BW29: =AVERAGEIF(BJ:BJ, BJ29, BV:BV) -> 2.8482825 | BX29: =(BV29-BW29)^2 -> 0.65025264 | BY29: =SQRT(SUMIF(BJ:BJ, BJ29, BX:BX)/COUNTIF(BJ:BJ, BJ29)) -> 5.5697596 | BZ29: =(1-_xlfn.NORM.DIST(BV29, BW29, BY29, TRUE))*100 -> 44.244281 | CA29: =IF(BZ29<=5, 100, IF(BZ29<=15, 85, IF(BZ29<=35, 70, IF(BZ29<=60, 55, IF(BZ29<=90, 40, 25))))) -> 55 | CB29: =CA29*0.02 -> 1.1 | CC29: =(M29/N29)*100 -> 101.11639 | CD29: =IF((100-(75*(CC29-1)/(200-1)))>100, 100, IF((100-(75*(CC29-1)/(200-1)))<25, 25, (100-(75*(CC29-1)/(200-1))))) -> 62.267691 | CE29: =CD29*0.015 -> 0.93401537 | CF29: 평가제외 | CG29: 평가제외 | CH29: 평가제외 | CI29: 평가제외 | CK29: AA | CL29: B | CM29: =IF(CL29="A", 100, IF(CL29="B", 85, IF(CL29="C", 70, IF(CL29="D", 55, IF(CL29="E", 40, 25))))) -> 85 | CN29: =CM29*0.015 -> 1.275 | CO29: =22961000+6598000+643000+3240000+569000 -> 34011000 | CP29: =(CO29/N29)*100 -> 17.264085 | CQ29: =IF(CP29<3, 100, IF(CP29<10, 80, IF(CP29<35, 60, IF(CP29<100, 40, IF(CP29>=100, 20))))) -> 60 | CR29: =CQ29*0.03 -> 1.8 | CS29: =_xlfn.XLOOKUP(C29, '1-1. 관계사체무보증금액 (환율 등)'!$3:$3, '1-1. 관계사체무보증금액 (환율 등)'!$33:$33) -> 0 | CT29: =(CS29/N29)*100 -> 0 | CU29: =IF(CT29<3, 100, IF(CT29<10, 80, IF(CT29<35, 60, IF(CT29<100, 40, 20)))) -> 100 | CV29: =CU29*0.02 -> 2 | CW29: =AE29+AJ29+AQ29+AX29+BD29+BN29+BR29+CB29+CE29+CJ29+CN29+CR29+CV29 -> 19.251874
A30: LF | B30: https://dart.fss.or.kr/dsaf001/main.do?rcpNo=20230320000688 | C30: 093050 | D30: 식약/섬유/종이업 | E30: 봉제의복 제조업 | F30: 기성복, 의류, 잡화, 제조 | G30: 39052 | H30: 12월 | I30: 오규식, 김상균 (각자 대표이사) | J30: http://www.lfcorp.com | K30: 서울특별시 | L30: 1973686923 | M30: 455919080 | N30: 1517767844 | O30: 1271908968 | P30: 75779686 | Q30: 170929776 | R30: 155782948 | S30: 29240000 | T30: 780000 | U30: 5587890 | V30: =37908+322491+2501476+179300+1707100+344259+151022+127+648999+20000+89340+27937+32175+3498 -> 6065632 | W30: =15131+8330 -> 23461 | X30: 12860 | Y30: 엘지연암학원 | Z30: =463564+1987823 -> 2451387 | AA30: 0 | AB30: =SUM(U30,V30,Z30,W30,X30) -> 14141230 | AC30: =(AB30/S30)*100 -> 48.36262 | AD30: =100-(75*(AC30-0.1))/(87-0.1) -> 58.346416 | AE30: =AD30*0.03 -> 1.7503925 | AF30: =(U30+V30)/(S30-T30-AA30)*100 -> 40.94702 | AG30: =(U30+V30+Z30+W30+X30-AA30)/(S30-T30-AA30)*100 -> 49.688089 | AH30: =AG30-AF30 -> 8.7410682 | AI30: =IF(AH30<10, 100, IF(AH30<30, 80, IF(AH30<50, 60, IF(AH30<80, 40, IF(AH30<=100, 20))))) -> 100 | AJ30: =AI30*0.04 -> 4 | AK30: 7 | AL30: 29 | AM30: 1 | AN30: =SUM(AK30:AL30) -> 36 | AO30: =(AM30/AN30)*100 -> 2.7777778 | AP30: =IF(AO30<10, 100, IF(AO30<20, 80, IF(AO30<30, 60, IF(AO30<50, 40, IF(AO30>=50, 20))))) -> 100 | AQ30: =AP30*0.02 -> 2 | AR30: 3 | AS30: =IF(L30>=2000000000, 0.5, IF(L30<2000000000, 0.25)) -> 0.25 | AT30: =AK30*AS30 -> 1.75 | AU30: =ROUNDDOWN(AT30,0) -> 1 | AV30: =(AR30-AU30)/AK30*100 -> 28.571429 | AW30: =IF(AV30<0, 20, IF(AV30=0, 40, IF(AV30<20, 60, IF(AV30<40, 80, IF(AV30>=40, 100))))) -> 80 | AX30: =AW30*0.01 -> 0.8 | AY30: 6 | AZ30: 18 | BA30: =AR30*AY30 -> 18 | BB30: =(AZ30/BA30)*100 -> 100 | BC30: =IF(BB30<70, 25, IF(BB30<80, 50, IF(BB30<90, 75, IF(BB30>=90, 100)))) -> 100 | BD30: =BC30*0.01 -> 1 | BE30: 83467000 | BF30: 8849000 | BG30: 0 | BH30: =SUM(BE30:BF30) -> 92316000 | BI30: =(BG30/BH30)*100 -> 0 | BJ30: =IF(D30="금융업(보험)", "금융업", IF(D30="금융업(증권)", "금융업", IF(D30="금융업(종금)", "금융업", D30))) -> 식약/섬유/종이업 | BK30: =AVERAGEIF(BJ:BJ, BJ30, BI:BI) -> 2.1999361 | BL30: =BI30-BK30 -> -2.1999361 | BM30: =IF(BL30<-2, 100, IF(BL30<0, 80, IF(BL30<2, 60, IF(BL30<10, 40, 20)))) -> 100 | BN30: =BM30*0.02 -> 2 | BO30: 473000 | BP30: =(BO30/O30)*100 -> 0.037188196 | BQ30: =IF(BP30=0, 25, IF(BP30<0.1, 40, IF(BP30<0.5, 55, IF(BP30<2, 70, IF(BP30<4, 85, IF(BP30>=4, 100)))))) -> 40 | BR30: =BQ30*0.02 -> 0.8 | BS30: 19420249 | BT30: 103169.98 | BU30: =BS30-BT30 -> 19317079 | BV30: =BU30/O30*100 -> 1.518747 | BW30: =AVERAGEIF(BJ:BJ, BJ30, BV:BV) -> 5.0508176 | BX30: =(BV30-BW30)^2 -> 12.475523 | BY30: =SQRT(SUMIF(BJ:BJ, BJ30, BX:BX)/COUNTIF(BJ:BJ, BJ30)) -> 6.9871618 | BZ30: =(1-_xlfn.NORM.DIST(BV30, BW30, BY30, TRUE))*100 -> 69.339918 | CA30: =IF(BZ30<=5, 100, IF(BZ30<=15, 85, IF(BZ30<=35, 70, IF(BZ30<=60, 55, IF(BZ30<=90, 40, 25))))) -> 40 | CB30: =CA30*0.02 -> 0.8 | CC30: =(M30/N30)*100 -> 30.038789 | CD30: =IF((100-(75*(CC30-1)/(200-1)))>100, 100, IF((100-(75*(CC30-1)/(200-1)))<25, 25, (100-(75*(CC30-1)/(200-1))))) -> 89.055733 | CE30: =CD30*0.015 -> 1.335836 | CF30: 평가제외 | CG30: 평가제외 | CH30: 평가제외 | CI30: 평가제외 | CK30: AA- | CL30: C | CM30: =IF(CL30="A", 100, IF(CL30="B", 85, IF(CL30="C", 70, IF(CL30="D", 55, IF(CL30="E", 40, 25))))) -> 70 | CN30: =CM30*0.015 -> 1.05 | CO30: =110908000+4000+10372000+39768000+264000+5167000+2674000+21749000+1646000+18037000+2822000+379077000+779000+9323000+23863000+4627000+96679000+6956000+10316000+6960000 -> 751991000 | CP30: =(CO30/N30)*100 -> 49.545851 | CQ30: =IF(CP30<3, 100, IF(CP30<10, 80, IF(CP30<35, 60, IF(CP30<100, 40, IF(CP30>=100, 20))))) -> 40 | CR30: =CQ30*0.03 -> 1.2 | CS30: =_xlfn.XLOOKUP(C30, '1-1. 관계사체무보증금액 (환율 등)'!$3:$3, '1-1. 관계사체무보증금액 (환율 등)'!$33:$33) -> 1.0103778e+08 | CT30: =(CS30/N30)*100 -> 6.6569984 | CU30: =IF(CT30<3, 100, IF(CT30<10, 80, IF(CT30<35, 60, IF(CT30<100, 40, 20)))) -> 80 | CV30: =CU30*0.02 -> 1.6 | CW30: =AE30+AJ30+AQ30+AX30+BD30+BN30+BR30+CB30+CE30+CJ30+CN30+CR30+CV30 -> 18.336228
A31: LG생활건강 | B31: https://dart.fss.or.kr/dsaf001/main.do?rcpNo=20230320000833 | C31: 051900 | D31: 식약/섬유/종이업 | E31: 기타 화학제품 제조업 | F31: 화장품,생활용품 제조,도매 | G31: 37006 | H31: 12월 | I31: 이정애 | J31: http://www.lghnh.com | K31: 서울특별시 | L31: 4707323720 | M31: 579230693 | N31: 4128093027 | O31: 3783321412 | P31: 428276866 | Q31: 165920076 | R31: 76950845 | S31: 15618197 | T31: 958412 | U31: 5315500 | V31: 0 | W31: 10000 | X31: 0 | Z31: 0 | AA31: 0 | AB31: =SUM(U31,V31,Z31,W31,X31) -> 5325500 | AC31: =(AB31/S31)*100 -> 34.098046 | AD31: =100-(75*(AC31-0.1))/(87-0.1) -> 70.657613 | AE31: =AD31*0.03 -> 2.1197284 | AF31: =(U31+V31)/(S31-T31-AA31)*100 -> 36.259058 | AG31: =(U31+V31+Z31+W31+X31-AA31)/(S31-T31-AA31)*100 -> 36.327272 | AH31: =AG31-AF31 -> 0.068213824 | AI31: =IF(AH31<10, 100, IF(AH31<30, 80, IF(AH31<50, 60, IF(AH31<80, 40, IF(AH31<=100, 20))))) -> 100 | AJ31: =AI31*0.04 -> 4 | AK31: 7 | AL31: 40 | AM31: 0 | AN31: =SUM(AK31:AL31) -> 47 | AO31: =(AM31/AN31)*100 -> 0 | AP31: =IF(AO31<10, 100, IF(AO31<20, 80, IF(AO31<30, 60, IF(AO31<50, 40, IF(AO31>=50, 20))))) -> 100 | AQ31: =AP31*0.02 -> 2 | AR31: 4 | AS31: =IF(L31>=2000000000, 0.5, IF(L31<2000000000, 0.25)) -> 0.5 | AT31: =AK31*AS31 -> 3.5 | AU31: =ROUNDDOWN(AT31,0) -> 3 | AV31: =(AR31-AU31)/AK31*100 -> 14.285714 | AW31: =IF(AV31<0, 20, IF(AV31=0, 40, IF(AV31<20, 60, IF(AV31<40, 80, IF(AV31>=40, 100))))) -> 60 | AX31: =AW31*0.01 -> 0.6 | AY31: 8 | AZ31: =8*4-2 -> 30 | BA31: =AR31*AY31 -> 32 | BB31: =(AZ31/BA31)*100 -> 93.75 | BC31: =IF(BB31<70, 25, IF(BB31<80, 50, IF(BB31<90, 75, IF(BB31>=90, 100)))) -> 100 | BD31: =BC31*0.01 -> 1 | BE31: 247963000 | BF31: 22285000 | BG31: 0 | BH31: =SUM(BE31:BF31) -> 270248000 | BI31: =(BG31/BH31)*100 -> 0 | BJ31: =IF(D31="금융업(보험)", "금융업", IF(D31="금융업(증권)", "금융업", IF(D31="금융업(종금)", "금융업", D31))) -> 식약/섬유/종이업 | BK31: =AVERAGEIF(BJ:BJ, BJ31, BI:BI) -> 2.1999361 | BL31: =BI31-BK31 -> -2.1999361 | BM31: =IF(BL31<-2, 100, IF(BL31<0, 80, IF(BL31<2, 60, IF(BL31<10, 40, 20)))) -> 100 | BN31: =BM31*0.02 -> 2 | BO31: 153479000 | BP31: =(BO31/O31)*100 -> 4.0567264 | BQ31: =IF(BP31=0, 25, IF(BP31<0.1, 40, IF(BP31<0.5, 55, IF(BP31<2, 70, IF(BP31<4, 85, IF(BP31>=4, 100)))))) -> 100 | BR31: =BQ31*0.02 -> 2 | BS31: 77617672 | BT31: 1269449.5 | BU31: =BS31-BT31 -> 76348222 | BV31: =BU31/O31*100 -> 2.018021 | BW31: =AVERAGEIF(BJ:BJ, BJ31, BV:BV) -> 5.0508176 | BX31: =(BV31-BW31)^2 -> 9.197855 | BY31: =SQRT(SUMIF(BJ:BJ, BJ31, BX:BX)/COUNTIF(BJ:BJ, BJ31)) -> 6.9871618 | BZ31: =(1-_xlfn.NORM.DIST(BV31, BW31, BY31, TRUE))*100 -> 66.787492 | CA31: =IF(BZ31<=5, 100, IF(BZ31<=15, 85, IF(BZ31<=35, 70, IF(BZ31<=60, 55, IF(BZ31<=90, 40, 25))))) -> 40 | CB31: =CA31*0.02 -> 0.8 | CC31: =(M31/N31)*100 -> 14.031435 | CD31: =IF((100-(75*(CC31-1)/(200-1)))>100, 100, IF((100-(75*(CC31-1)/(200-1)))<25, 25, (100-(75*(CC31-1)/(200-1))))) -> 95.088655 | CE31: =CD31*0.015 -> 1.4263298 | CF31: 평가제외 | CG31: 평가제외 | CH31: 평가제외 | CI31: 평가제외 | CK31: A1 | CL31: A | CM31: =IF(CL31="A", 100, IF(CL31="B", 85, IF(CL31="C", 70, IF(CL31="D", 55, IF(CL31="E", 40, 25))))) -> 100 | CN31: =CM31*0.015 -> 1.5 | CO31: =1585663000-7403000-1980000-915000-450000-191000-438000-536000 -> 1573750000 | CP31: =(CO31/N31)*100 -> 38.12293 | CQ31: =IF(CP31<3, 100, IF(CP31<10, 80, IF(CP31<35, 60, IF(CP31<100, 40, IF(CP31>=100, 20))))) -> 40 | CR31: =CQ31*0.03 -> 1.2 | CS31: =_xlfn.XLOOKUP(C31, '1-1. 관계사체무보증금액 (환율 등)'!$3:$3, '1-1. 관계사체무보증금액 (환율 등)'!$33:$33) -> 0 | CT31: =(CS31/N31)*100 -> 0 | CU31: =IF(CT31<3, 100, IF(CT31<10, 80, IF(CT31<35, 60, IF(CT31<100, 40, 20)))) -> 100 | CV31: =CU31*0.02 -> 2 | CW31: =AE31+AJ31+AQ31+AX31+BD31+BN31+BR31+CB31+CE31+CJ31+CN31+CR31+CV31 -> 20.646058
A32: LG유플러스 | B32: https://dart.fss.or.kr/dsaf001/main.do?rcpNo=20230302000615 | C32: 032640 | D32: 비제조/서비스업 | E32: 전기 통신업 | F32: 개인휴대통신서비스,음성서비스,데이터서비스,부가통신/단말기 도소매/프로그램 개발,자료제공 | G32: 39559 | H32: 12월 | I32: 황현식 | J32: http://www.uplus.co.kr | K32: 서울특별시 | L32: 18621116000 | M32: 10475153000 | N32: 8145963000 | O32: 12781569000 | P32: 1049830000 | Q32: 859263000 | R32: 661692000 | S32: 436611361 | T32: 6783009 | U32: 164422375 | V32: 0 | W32: =16000+45800+1000+8100+50040+10+300+1580+662+1602+8318+1000+6000+1000+3006+10+1250+12851 -> 158529 | X32: 0 | Z32: 0 | AA32: 0 | AB32: =SUM(U32,V32,Z32,W32,X32) -> 164580904 | AC32: =(AB32/S32)*100 -> 37.695058 | AD32: =100-(75*(AC32-0.1))/(87-0.1) -> 67.553172 | AE32: =AD32*0.03 -> 2.0265952 | AF32: =(U32+V32)/(S32-T32-AA32)*100 -> 38.253032 | AG32: =(U32+V32+Z32+W32+X32-AA32)/(S32-T32-AA32)*100 -> 38.289913 | AH32: =AG32-AF32 -> 0.036881932 | AI32: =IF(AH32<10, 100, IF(AH32<30, 80, IF(AH32<50, 60, IF(AH32<80, 40, IF(AH32<=100, 20))))) -> 100 | AJ32: =AI32*0.04 -> 4 | AK32: 7 | AL32: 71 | AM32: 0 | AN32: =SUM(AK32:AL32) -> 78 | AO32: =(AM32/AN32)*100 -> 0 | AP32: =IF(AO32<10, 100, IF(AO32<20, 80, IF(AO32<30, 60, IF(AO32<50, 40, IF(AO32>=50, 20))))) -> 100 | AQ32: =AP32*0.02 -> 2 | AR32: 4 | AS32: =IF(L32>=2000000000, 0.5, IF(L32<2000000000, 0.25)) -> 0.5 | AT32: =AK32*AS32 -> 3.5 | AU32: =ROUNDDOWN(AT32,0) -> 3 | AV32: =(AR32-AU32)/AK32*100 -> 14.285714 | AW32: =IF(AV32<0, 20, IF(AV32=0, 40, IF(AV32<20, 60, IF(AV32<40, 80, IF(AV32>=40, 100))))) -> 60 | AX32: =AW32*0.01 -> 0.6 | AY32: 7 | AZ32: =7*4-1 -> 27 | BA32: =AR32*AY32 -> 28 | BB32: =(AZ32/BA32)*100 -> 96.428571 | BC32: =IF(BB32<70, 25, IF(BB32<80, 50, IF(BB32<90, 75, IF(BB32>=90, 100)))) -> 100 | BD32: =BC32*0.01 -> 1 | BE32: =(38424-4)*1000 -> 38420000 | BF32: 4751000 | BG32: 0 | BH32: =SUM(BE32:BF32) -> 43171000 | BI32: =(BG32/BH32)*100 -> 0 | BJ32: =IF(D32="금융업(보험)", "금융업", IF(D32="금융업(증권)", "금융업", IF(D32="금융업(종금)", "금융업", D32))) -> 비제조/서비스업 | BK32: =AVERAGEIF(BJ:BJ, BJ32, BI:BI) -> 1.7464435 | BL32: =BI32-BK32 -> -1.7464435 | BM32: =IF(BL32<-2, 100, IF(BL32<0, 80, IF(BL32<2, 60, IF(BL32<10, 40, 20)))) -> 80 | BN32: =BM32*0.02 -> 1.6 | BO32: 125535000 | BP32: =(BO32/O32)*100 -> 0.98215642 | BQ32: =IF(BP32=0, 25, IF(BP32<0.1, 40, IF(BP32<0.5, 55, IF(BP32<2, 70, IF(BP32<4, 85, IF(BP32>=4, 100)))))) -> 70 | BR32: =BQ32*0.02 -> 1.4 | BS32: 2216708000 | BT32: 12777000 | BU32: =BS32-BT32 -> 2203931000 | BV32: =BU32/O32*100 -> 17.24304 | BW32: =AVERAGEIF(BJ:BJ, BJ32, BV:BV) -> 2.8482825 | BX32: =(BV32-BW32)^2 -> 207.20903 | BY32: =SQRT(SUMIF(BJ:BJ, BJ32, BX:BX)/COUNTIF(BJ:BJ, BJ32)) -> 5.5697596 | BZ32: =(1-_xlfn.NORM.DIST(BV32, BW32, BY32, TRUE))*100 -> 0.48767429 | CA32: =IF(BZ32<=5, 100, IF(BZ32<=15, 85, IF(BZ32<=35, 70, IF(BZ32<=60, 55, IF(BZ32<=90, 40, 25))))) -> 100 | CB32: =CA32*0.02 -> 2 | CC32: =(M32/N32)*100 -> 128.59318 | CD32: =IF((100-(75*(CC32-1)/(200-1)))>100, 100, IF((100-(75*(CC32-1)/(200-1)))<25, 25, (100-(75*(CC32-1)/(200-1))))) -> 51.912117 | CE32: =CD32*0.015 -> 0.77868176 | CF32: 평가제외 | CG32: 평가제외 | CH32: 평가제외 | CI32: 평가제외 | CK32: AA | CL32: B | CM32: =IF(CL32="A", 100, IF(CL32="B", 85, IF(CL32="C", 70, IF(CL32="D", 55, IF(CL32="E", 40, 25))))) -> 85 | CN32: =CM32*0.015 -> 1.275 | CO32: =434000+272000+5964000+70990000+2633000+400000+56135000+635765000 -> 772593000 | CP32: =(CO32/N32)*100 -> 9.4843667 | CQ32: =IF(CP32<3, 100, IF(CP32<10, 80, IF(CP32<35, 60, IF(CP32<100, 40, IF(CP32>=100, 20))))) -> 80 | CR32: =CQ32*0.03 -> 2.4 | CS32: =_xlfn.XLOOKUP(C32, '1-1. 관계사체무보증금액 (환율 등)'!$3:$3, '1-1. 관계사체무보증금액 (환율 등)'!$33:$33) -> 0 | CT32: =(CS32/N32)*100 -> 0 | CU32: =IF(CT32<3, 100, IF(CT32<10, 80, IF(CT32<35, 60, IF(CT32<100, 40, 20)))) -> 100 | CV32: =CU32*0.02 -> 2 | CW32: =AE32+AJ32+AQ32+AX32+BD32+BN32+BR32+CB32+CE32+CJ32+CN32+CR32+CV32 -> 21.080277
A33: LG이노텍 | B33: https://dart.fss.or.kr/dsaf001/main.do?rcpNo=20230222002549 | C33: 011070 | D33: 전기전자/기계업 | E33: 전자부품 제조업 | F33: 기타 전자부품 제조업 | G33: 39653 | H33: 12월 | I33: 정철동 | J33: http://www.lginnotek.co.kr | K33: 서울특별시 | L33: 8668015355 | M33: 5103993834 | N33: 3564021521 | O33: 19092897004 | P33: 1016233433 | Q33: 955882532 | R33: 720393793 | S33: 23667107 | T33: 2600 | U33: 9653181 | V33: 0 | W33: =2000+1200+718+50+41+300+148+179+240 -> 4876 | X33: 0 | Z33: 0 | AA33: 0 | AB33: =SUM(U33,V33,Z33,W33,X33) -> 9658057 | AC33: =(AB33/S33)*100 -> 40.807932 | AD33: =100-(75*(AC33-0.1))/(87-0.1) -> 64.866572 | AE33: =AD33*0.03 -> 1.9459972 | AF33: =(U33+V33)/(S33-T33-AA33)*100 -> 40.791811 | AG33: =(U33+V33+Z33+W33+X33-AA33)/(S33-T33-AA33)*100 -> 40.812416 | AH33: =AG33-AF33 -> 0.020604697 | AI33: =IF(AH33<10, 100, IF(AH33<30, 80, IF(AH33<50, 60, IF(AH33<80, 40, IF(AH33<=100, 20))))) -> 100 | AJ33: =AI33*0.04 -> 4 | AK33: 7 | AL33: 39 | AM33: 0 | AN33: =SUM(AK33:AL33) -> 46 | AO33: =(AM33/AN33)*100 -> 0 | AP33: =IF(AO33<10, 100, IF(AO33<20, 80, IF(AO33<30, 60, IF(AO33<50, 40, IF(AO33>=50, 20))))) -> 100 | AQ33: =AP33*0.02 -> 2 | AR33: 4 | AS33: =IF(L33>=2000000000, 0.5, IF(L33<2000000000, 0.25)) -> 0.5 | AT33: =AK33*AS33 -> 3.5 | AU33: =ROUNDDOWN(AT33,0) -> 3 | AV33: =(AR33-AU33)/AK33*100 -> 14.285714 | AW33: =IF(AV33<0, 20, IF(AV33=0, 40, IF(AV33<20, 60, IF(AV33<40, 80, IF(AV33>=40, 100))))) -> 60 | AX33: =AW33*0.01 -> 0.6 | AY33: 9 | AZ33: =36-2 -> 34 | BA33: =AR33*AY33 -> 36 | BB33: =(AZ33/BA33)*100 -> 94.444444 | BC33: =IF(BB33<70, 25, IF(BB33<80, 50, IF(BB33<90, 75, IF(BB33>=90, 100)))) -> 100 | BD33: =BC33*0.01 -> 1 | BE33: 317359000 | BF33: 23138000 | BG33: 0 | BH33: =SUM(BE33:BF33) -> 340497000 | BI33: =(BG33/BH33)*100 -> 0 | BJ33: =IF(D33="금융업(보험)", "금융업", IF(D33="금융업(증권)", "금융업", IF(D33="금융업(종금)", "금융업", D33))) -> 전기전자/기계업 | BK33: =AVERAGEIF(BJ:BJ, BJ33, BI:BI) -> 2.409645 | BL33: =BI33-BK33 -> -2.409645 | BM33: =IF(BL33<-2, 100, IF(BL33<0, 80, IF(BL33<2, 60, IF(BL33<10, 40, 20)))) -> 100 | BN33: =BM33*0.02 -> 2 | BO33: =(752983-206)*1000 -> 752777000 | BP33: =(BO33/O33)*100 -> 3.9427071 | BQ33: =IF(BP33=0, 25, IF(BP33<0.1, 40, IF(BP33<0.5, 55, IF(BP33<2, 70, IF(BP33<4, 85, IF(BP33>=4, 100)))))) -> 85 | BR33: =BQ33*0.02 -> 1.7 | BS33: 1.4451115e+09 | BT33: 30874786 | BU33: =BS33-BT33 -> 1.4142367e+09 | BV33: =BU33/O33*100 -> 7.4071353 | BW33: =AVERAGEIF(BJ:BJ, BJ33, BV:BV) -> 5.2309968 | BX33: =(BV33-BW33)^2 -> 4.7355788 | BY33: =SQRT(SUMIF(BJ:BJ, BJ33, BX:BX)/COUNTIF(BJ:BJ, BJ33)) -> 7.0695458 | BZ33: =(1-_xlfn.NORM.DIST(BV33, BW33, BY33, TRUE))*100 -> 37.911014 | CA33: =IF(BZ33<=5, 100, IF(BZ33<=15, 85, IF(BZ33<=35, 70, IF(BZ33<=60, 55, IF(BZ33<=90, 40, 25))))) -> 55 | CB33: =CA33*0.02 -> 1.1 | CC33: =(M33/N33)*100 -> 143.20884 | CD33: =IF((100-(75*(CC33-1)/(200-1)))>100, 100, IF((100-(75*(CC33-1)/(200-1)))<25, 25, (100-(75*(CC33-1)/(200-1))))) -> 46.403704 | CE33: =CD33*0.015 -> 0.69605556 | CF33: 평가제외 | CG33: 평가제외 | CH33: 평가제외 | CI33: 평가제외 | CK33: A1 | CL33: A | CM33: =IF(CL33="A", 100, IF(CL33="B", 85, IF(CL33="C", 70, IF(CL33="D", 55, IF(CL33="E", 40, 25))))) -> 100 | CN33: =CM33*0.015 -> 1.5 | CO33: =247338000-142000-1269000-7774000 -> 238153000 | CP33: =(CO33/N33)*100 -> 6.6821426 | CQ33: =IF(CP33<3, 100, IF(CP33<10, 80, IF(CP33<35, 60, IF(CP33<100, 40, IF(CP33>=100, 20))))) -> 80 | CR33: =CQ33*0.03 -> 2.4 | CS33: =_xlfn.XLOOKUP(C33, '1-1. 관계사체무보증금액 (환율 등)'!$3:$3, '1-1. 관계사체무보증금액 (환율 등)'!$33:$33) -> 1125948000 | CT33: =(CS33/N33)*100 -> 31.592065 | CU33: =IF(CT33<3, 100, IF(CT33<10, 80, IF(CT33<35, 60, IF(CT33<100, 40, 20)))) -> 60 | CV33: =CU33*0.02 -> 1.2 | CW33: =AE33+AJ33+AQ33+AX33+BD33+BN33+BR33+CB33+CE33+CJ33+CN33+CR33+CV33 -> 20.142053
A34: LIG넥스원 | B34: https://dart.fss.or.kr/dsaf001/main.do?rcpNo=20230317000276 | C34: 079550 | D34: 전기전자/기계업 | E34: 무기 및 총포탄 제조업 | F34: 정밀유도무기 등 | G34: 42279 | H34: 12월 | I34: 김지찬 | J34: http://www.lignex1.com | K34: 경기도 | L34: 3007428048 | M34: 2072248980 | N34: 935179068 | O34: 2216162119 | P34: 178794933 | Q34: 157788508 | R34: 122939587 | S34: 22000000 | T34: 205640 | U34: 9239461 | V34: =60000+40000+1440+960+360+240 -> 103000 | W34: =5215+6000+2500+1584+1900+60000+4639+1500+1000+1500+1250+600+867 -> 88555 | X34: 0 | Z34: 0 | AA34: 0 | AB34: =SUM(U34,V34,Z34,W34,X34) -> 9431016 | AC34: =(AB34/S34)*100 -> 42.868255 | AD34: =100-(75*(AC34-0.1))/(87-0.1) -> 63.088388 | AE34: =AD34*0.03 -> 1.8926516 | AF34: =(U34+V34)/(S34-T34-AA34)*100 -> 42.866416 | AG34: =(U34+V34+Z34+W34+X34-AA34)/(S34-T34-AA34)*100 -> 43.272737 | AH34: =AG34-AF34 -> 0.40632072 | AI34: =IF(AH34<10, 100, IF(AH34<30, 80, IF(AH34<50, 60, IF(AH34<80, 40, IF(AH34<=100, 20))))) -> 100 | AJ34: =AI34*0.04 -> 4 | AK34: 7 | AL34: 28 | AM34: 1 | AN34: =SUM(AK34:AL34) -> 35 | AO34: =(AM34/AN34)*100 -> 2.8571429 | AP34: =IF(AO34<10, 100, IF(AO34<20, 80, IF(AO34<30, 60, IF(AO34<50, 40, IF(AO34>=50, 20))))) -> 100 | AQ34: =AP34*0.02 -> 2 | AR34: 4 | AS34: =IF(L34>=2000000000, 0.5, IF(L34<2000000000, 0.25)) -> 0.5 | AT34: =AK34*AS34 -> 3.5 | AU34: =ROUNDDOWN(AT34,0) -> 3 | AV34: =(AR34-AU34)/AK34*100 -> 14.285714 | AW34: =IF(AV34<0, 20, IF(AV34=0, 40, IF(AV34<20, 60, IF(AV34<40, 80, IF(AV34>=40, 100))))) -> 60 | AX34: =AW34*0.01 -> 0.6 | AY34: 11 | AZ34: 44 | BA34: =AR34*AY34 -> 44 | BB34: =(AZ34/BA34)*100 -> 100 | BC34: =IF(BB34<70, 25, IF(BB34<80, 50, IF(BB34<90, 75, IF(BB34>=90, 100)))) -> 100 | BD34: =BC34*0.01 -> 1 | BE34: =10312869+38917042 -> 49229911 | BF34: 4149778 | BG34: 0 | BH34: =SUM(BE34:BF34) -> 53379689 | BI34: =(BG34/BH34)*100 -> 0 | BJ34: =IF(D34="금융업(보험)", "금융업", IF(D34="금융업(증권)", "금융업", IF(D34="금융업(종금)", "금융업", D34))) -> 전기전자/기계업 | BK34: =AVERAGEIF(BJ:BJ, BJ34, BI:BI) -> 2.409645 | BL34: =BI34-BK34 -> -2.409645 | BM34: =IF(BL34<-2, 100, IF(BL34<0, 80, IF(BL34<2, 60, IF(BL34<10, 40, 20)))) -> 100 | BN34: =BM34*0.02 -> 2 | BO34: =(74527-9402)*1000 -> 65125000 | BP34: =(BO34/O34)*100 -> 2.9386388 | BQ34: =IF(BP34=0, 25, IF(BP34<0.1, 40, IF(BP34<0.5, 55, IF(BP34<2, 70, IF(BP34<4, 85, IF(BP34>=4, 100)))))) -> 85 | BR34: =BQ34*0.02 -> 1.7 | BS34: 45533551 | BT34: 727.273 | BU34: =BS34-BT34 -> 45532823 | BV34: =BU34/O34*100 -> 2.05458 | BW34: =AVERAGEIF(BJ:BJ, BJ34, BV:BV) -> 5.2309968 | BX34: =(BV34-BW34)^2 -> 10.089624 | BY34: =SQRT(SUMIF(BJ:BJ, BJ34, BX:BX)/COUNTIF(BJ:BJ, BJ34)) -> 7.0695458 | BZ34: =(1-_xlfn.NORM.DIST(BV34, BW34, BY34, TRUE))*100 -> 67.339594 | CA34: =IF(BZ34<=5, 100, IF(BZ34<=15, 85, IF(BZ34<=35, 70, IF(BZ34<=60, 55, IF(BZ34<=90, 40, 25))))) -> 40 | CB34: =CA34*0.02 -> 0.8 | CC34: =(M34/N34)*100 -> 221.58847 | CD34: =IF((100-(75*(CC34-1)/(200-1)))>100, 100, IF((100-(75*(CC34-1)/(200-1)))<25, 25, (100-(75*(CC34-1)/(200-1))))) -> 25 | CE34: =CD34*0.015 -> 0.375 | CF34: 평가제외 | CG34: 평가제외 | CH34: 평가제외 | CI34: 평가제외 | CK34: A1, AA- | CL34: B | CM34: =IF(CL34="A", 100, IF(CL34="B", 85, IF(CL34="C", 70, IF(CL34="D", 55, IF(CL34="E", 40, 25))))) -> 85 | CN34: =CM34*0.015 -> 1.275 | CO34: =909000+7869000 -> 8778000 | CP34: =(CO34/N34)*100 -> 0.93864376 | CQ34: =IF(CP34<3, 100, IF(CP34<10, 80, IF(CP34<35, 60, IF(CP34<100, 40, IF(CP34>=100, 20))))) -> 100 | CR34: =CQ34*0.03 -> 3 | CS34: =_xlfn.XLOOKUP(C34, '1-1. 관계사체무보증금액 (환율 등)'!$3:$3, '1-1. 관계사체무보증금액 (환율 등)'!$33:$33) -> 0 | CT34: =(CS34/N34)*100 -> 0 | CU34: =IF(CT34<3, 100, IF(CT34<10, 80, IF(CT34<35, 60, IF(CT34<100, 40, 20)))) -> 100 | CV34: =CU34*0.02 -> 2 | CW34: =AE34+AJ34+AQ34+AX34+BD34+BN34+BR34+CB34+CE34+CJ34+CN34+CR34+CV34 -> 20.642652
A35: LX인터내셔널 | B35: https://dart.fss.or.kr/dsaf001/main.do?rcpNo=20230315000850 | C35: 001120 | D35: 비제조/서비스업 | E35: 상품 중개업 | F35: 전자,기계,화공,유류.금속,의류 수출입,도소매 | G35: 27789 | H35: 12월 | I35: 윤춘성 | J35: http://www.lxinternational.co.kr | K35: 서울특별시 | L35: 3782850589 | M35: 1473354089 | N35: 2309496500 | O35: 4108362284 | P35: 101552809 | Q35: 640421674 | R35: 528557910 | S35: 38760000 | T35: 2792098 | U35: 9571336 | V35: 0 | W35: =6855+5000+500 -> 12355 | X35: 17046 | Y35: LG연암학원 | Z35: 0 | AA35: 0 | AB35: =SUM(U35,V35,Z35,W35,X35) -> 9600737 | AC35: =(AB35/S35)*100 -> 24.769703 | AD35: =100-(75*(AC35-0.1))/(87-0.1) -> 78.708541 | AE35: =AD35*0.03 -> 2.3612562 | AF35: =(U35+V35)/(S35-T35-AA35)*100 -> 26.610771 | AG35: =(U35+V35+Z35+W35+X35-AA35)/(S35-T35-AA35)*100 -> 26.692513 | AH35: =AG35-AF35 -> 0.081742327 | AI35: =IF(AH35<10, 100, IF(AH35<30, 80, IF(AH35<50, 60, IF(AH35<80, 40, IF(AH35<=100, 20))))) -> 100 | AJ35: =AI35*0.04 -> 4 | AK35: 7 | AL35: 16 | AM35: 0 | AN35: =SUM(AK35:AL35) -> 23 | AO35: =(AM35/AN35)*100 -> 0 | AP35: =IF(AO35<10, 100, IF(AO35<20, 80, IF(AO35<30, 60, IF(AO35<50, 40, IF(AO35>=50, 20))))) -> 100 | AQ35: =AP35*0.02 -> 2 | AR35: 4 | AS35: =IF(L35>=2000000000, 0.5, IF(L35<2000000000, 0.25)) -> 0.5 | AT35: =AK35*AS35 -> 3.5 | AU35: =ROUNDDOWN(AT35,0) -> 3 | AV35: =(AR35-AU35)/AK35*100 -> 14.285714 | AW35: =IF(AV35<0, 20, IF(AV35=0, 40, IF(AV35<20, 60, IF(AV35<40, 80, IF(AV35>=40, 100))))) -> 60 | AX35: =AW35*0.01 -> 0.6 | AY35: 10 | AZ35: =40-3 -> 37 | BA35: =AR35*AY35 -> 40 | BB35: =(AZ35/BA35)*100 -> 92.5 | BC35: =IF(BB35<70, 25, IF(BB35<80, 50, IF(BB35<90, 75, IF(BB35>=90, 100)))) -> 100 | BD35: =BC35*0.01 -> 1 | BE35: 53400000 | BF35: 5172000 | BG35: 0 | BH35: =SUM(BE35:BF35) -> 58572000 | BI35: =(BG35/BH35)*100 -> 0 | BJ35: =IF(D35="금융업(보험)", "금융업", IF(D35="금융업(증권)", "금융업", IF(D35="금융업(종금)", "금융업", D35))) -> 비제조/서비스업 | BK35: =AVERAGEIF(BJ:BJ, BJ35, BI:BI) -> 1.7464435 | BL35: =BI35-BK35 -> -1.7464435 | BM35: =IF(BL35<-2, 100, IF(BL35<0, 80, IF(BL35<2, 60, IF(BL35<10, 40, 20)))) -> 80 | BN35: =BM35*0.02 -> 1.6 | BO35: 0 | BP35: =(BO35/O35)*100 -> 0 | BQ35: =IF(BP35=0, 25, IF(BP35<0.1, 40, IF(BP35<0.5, 55, IF(BP35<2, 70, IF(BP35<4, 85, IF(BP35>=4, 100)))))) -> 25 | BR35: =BQ35*0.02 -> 0.5 | BS35: 900435.38 | BT35: 171.594 | BU35: =BS35-BT35 -> 900263.79 | BV35: =BU35/O35*100 -> 0.02191296 | BW35: =AVERAGEIF(BJ:BJ, BJ35, BV:BV) -> 2.8482825 | BX35: =(BV35-BW35)^2 -> 7.988365 | BY35: =SQRT(SUMIF(BJ:BJ, BJ35, BX:BX)/COUNTIF(BJ:BJ, BJ35)) -> 5.5697596 | BZ35: =(1-_xlfn.NORM.DIST(BV35, BW35, BY35, TRUE))*100 -> 69.408013 | CA35: =IF(BZ35<=5, 100, IF(BZ35<=15, 85, IF(BZ35<=35, 70, IF(BZ35<=60, 55, IF(BZ35<=90, 40, 25))))) -> 40 | CB35: =CA35*0.02 -> 0.8 | CC35: =(M35/N35)*100 -> 63.795467 | CD35: =IF((100-(75*(CC35-1)/(200-1)))>100, 100, IF((100-(75*(CC35-1)/(200-1)))<25, 25, (100-(75*(CC35-1)/(200-1))))) -> 76.333367 | CE35: =CD35*0.015 -> 1.1450005 | CF35: 평가제외 | CG35: 평가제외 | CH35: 평가제외 | CI35: 평가제외 | CK35: AA- | CL35: C | CM35: =IF(CL35="A", 100, IF(CL35="B", 85, IF(CL35="C", 70, IF(CL35="D", 55, IF(CL35="E", 40, 25))))) -> 70 | CN35: =CM35*0.015 -> 1.05 | CO35: =48401000+5059000+13533000+27252000+11025000+9292000+1889000+2330000+90617000+106576000+71245000+410393000+173669000+4000+194199000+4671000+29267000+672838000+42784000+76801000+90718000+6304000+110036000 -> 2198903000 | CP35: =(CO35/N35)*100 -> 95.211359 | CQ35: =IF(CP35<3, 100, IF(CP35<10, 80, IF(CP35<35, 60, IF(CP35<100, 40, IF(CP35>=100, 20))))) -> 40 | CR35: =CQ35*0.03 -> 1.2 | CS35: =_xlfn.XLOOKUP(C35, '1-1. 관계사체무보증금액 (환율 등)'!$3:$3, '1-1. 관계사체무보증금액 (환율 등)'!$33:$33) -> 1637002000 | CT35: =(CS35/N35)*100 -> 70.881337 | CU35: =IF(CT35<3, 100, IF(CT35<10, 80, IF(CT35<35, 60, IF(CT35<100, 40, 20)))) -> 40 | CV35: =CU35*0.02 -> 0.8 | CW35: =AE35+AJ35+AQ35+AX35+BD35+BN35+BR35+CB35+CE35+CJ35+CN35+CR35+CV35 -> 17.056257
A36: NH투자증권 | B36: https://dart.fss.or.kr/dsaf001/main.do?rcpNo=20230315000964 | C36: 005940 | D36: 금융업(증권) | E36: 금융 지원 서비스업 | F36: 증권업,종합금융 | G36: 27667 | H36: 12월 | I36: 정영채 | J36: http://www.nhqv.com | K36: 서울특별시 | L36: 50402862000 | M36: 43550273000 | N36: 6852589000 | O36: 10731117000 | P36: 550151000 | Q36: 480268000 | R36: 338500000 | S36: 331665921 | T36: 683671 | U36: 188452535 | V36: 0 | W36: =16697+500+1000*4+5+8356+850+50+1+5297+3000+1300+919+5000+100+10+61+1800 -> 47946 | X36: 0 | Z36: 0 | AA36: 0 | AB36: =SUM(U36,V36,Z36,W36,X36) -> 188500481 | AC36: =(AB36/S36)*100 -> 56.834444 | AD36: =100-(75*(AC36-0.1))/(87-0.1) -> 51.034715 | AE36: =AD36*0.04 -> 2.0413886 | AF36: =(U36+V36)/(S36-T36-AA36)*100 -> 56.937354 | AG36: =(U36+V36+Z36+W36+X36-AA36)/(S36-T36-AA36)*100 -> 56.95184 | AH36: =AG36-AF36 -> 0.014485973 | AI36: =IF(AH36<10, 100, IF(AH36<30, 80, IF(AH36<50, 60, IF(AH36<80, 40, IF(AH36<=100, 20))))) -> 100 | AJ36: =AI36*0.05 -> 5 | AK36: 8 | AL36: 53 | AM36: 0 | AN36: =SUM(AK36:AL36) -> 61 | AO36: =(AM36/AN36)*100 -> 0 | AP36: =IF(AO36<10, 100, IF(AO36<20, 80, IF(AO36<30, 60, IF(AO36<50, 40, IF(AO36>=50, 20))))) -> 100 | AQ36: =AP36*0.03 -> 3 | AR36: 5 | AS36: =IF(L36>=2000000000, 0.5, IF(L36<2000000000, 0.25)) -> 0.5 | AT36: =AK36*AS36 -> 4 | AU36: =ROUNDDOWN(AT36,0) -> 4 | AV36: =(AR36-AU36)/AK36*100 -> 12.5 | AW36: =IF(AV36<0, 20, IF(AV36=0, 40, IF(AV36<20, 60, IF(AV36<40, 80, IF(AV36>=40, 100))))) -> 60 | AX36: =AW36*0.02 -> 1.2 | AY36: 13 | AZ36: =13*5-2 -> 63 | BA36: =AR36*AY36 -> 65 | BB36: =(AZ36/BA36)*100 -> 96.923077 | BC36: =IF(BB36<70, 25, IF(BB36<80, 50, IF(BB36<90, 75, IF(BB36>=90, 100)))) -> 100 | BD36: =BC36*0.02 -> 2 | BE36: 316982000 | BF36: 52377000 | BG36: 18234000 | BH36: =SUM(BE36:BF36) -> 369359000 | BI36: =(BG36/BH36)*100 -> 4.9366605 | BJ36: =IF(D36="금융업(보험)", "금융업", IF(D36="금융업(증권)", "금융업", IF(D36="금융업(종금)", "금융업", D36))) -> 금융업 | BK36: =AVERAGEIF(BJ:BJ, BJ36, BI:BI) -> 2.7106886 | BL36: =BI36-BK36 -> 2.2259719 | BM36: =IF(BL36<-2, 100, IF(BL36<0, 80, IF(BL36<2, 60, IF(BL36<10, 40, 20)))) -> 40 | BN36: =BM36*0.02 -> 0.8 | BO36: 0 | BP36: =(BO36/O36)*100 -> 0 | BQ36: =IF(BP36=0, 25, IF(BP36<0.1, 40, IF(BP36<0.5, 55, IF(BP36<2, 70, IF(BP36<4, 85, IF(BP36>=4, 100)))))) -> 25 | BR36: =BQ36*0.01 -> 0.25 | BS36: 55221000 | BT36: 1158000 | BU36: =BS36-BT36 -> 54063000 | BV36: =BU36/O36*100 -> 0.50379658 | BW36: =AVERAGEIF(BJ:BJ, BJ36, BV:BV) -> 0.39407896 | BX36: =(BV36-BW36)^2 -> 0.012037954 | BY36: =SQRT(SUMIF(BJ:BJ, BJ36, BX:BX)/COUNTIF(BJ:BJ, BJ36)) -> 1.5698938 | BZ36: =(1-_xlfn.NORM.DIST(BV36, BW36, BY36, TRUE))*100 -> 47.214118 | CA36: =IF(BZ36<=5, 100, IF(BZ36<=15, 85, IF(BZ36<=35, 70, IF(BZ36<=60, 55, IF(BZ36<=90, 40, 25))))) -> 55 | CB36: =CA36*0.02 -> 1.1 | CC36: 평가대상 제외 | CD36: 평가대상 제외 | CF36: 해당없음 | CG36: 1.23 | CH36: 해당없음 | CI36: =IF((100-(75*(CG36-1)/9))>100,100,IF((100-(75*(CG36-1)/9))<25,25,(100-(75*(CG36-1)/9)))) -> 98.083333 | CJ36: =CI36*0.04 -> 3.9233333 | CK36: AA+ | CL36: B | CM36: =IF(CL36="A", 100, IF(CL36="B", 85, IF(CL36="C", 70, IF(CL36="D", 55, IF(CL36="E", 40, 25))))) -> 85 | CN36: =CM36*0.03 -> 2.55 | CO36: 867009000 | CP36: =(CO36/N36)*100 -> 12.652284 | CQ36: =IF(CP36<3, 100, IF(CP36<10, 80, IF(CP36<35, 60, IF(CP36<100, 40, IF(CP36>=100, 20))))) -> 60 | CR36: =CQ36*0.04 -> 2.4 | CS36: =_xlfn.XLOOKUP(C36, '1-1. 관계사체무보증금액 (환율 등)'!$3:$3, '1-1. 관계사체무보증금액 (환율 등)'!$33:$33) -> 530000000 | CT36: =(CS36/N36)*100 -> 7.734303 | CU36: =IF(CT36<3, 100, IF(CT36<10, 80, IF(CT36<35, 60, IF(CT36<100, 40, 20)))) -> 80 | CV36: =CU36*0.03 -> 2.4 | CW36: =AE36+AJ36+AQ36+AX36+BD36+BN36+BR36+CB36+CE36+CJ36+CN36+CR36+CV36 -> 26.664722
A37: NI스틸 | B37: https://dart.fss.or.kr/dsaf001/main.do?rcpNo=20230316000724 | C37: 008260 | D37: 금속/비금속/화학업 | E37: 1차 철강 제조업 | F37: 스틸파이프,철강재임가공 제조,도매 | G37: 27573 | H37: 12월 | I37: 이창환 | J37: http://www.hcr4u.com | K37: 서울특별시 | L37: 397444643 | M37: 209249323 | N37: 188195320 | O37: 355390202 | P37: 67734933 | Q37: 63871175 | R37: 48789612 | S37: 28600117 | T37: 0 | U37: 11358595 | V37: =1698811+339024+348733+343673+683290 -> 3413531 | W37: 0 | X37: 0 | Z37: 2086633 | AA37: 0 | AB37: =SUM(U37,V37,Z37,W37,X37) -> 16858759 | AC37: =(AB37/S37)*100 -> 58.946469 | AD37: =100-(75*(AC37-0.1))/(87-0.1) -> 49.211909 | AE37: =AD37*0.03 -> 1.4763573 | AF37: =(U37+V37)/(S37-T37-AA37)*100 -> 51.650579 | AG37: =(U37+V37+Z37+W37+X37-AA37)/(S37-T37-AA37)*100 -> 58.946469 | AH37: =AG37-AF37 -> 7.2958897 | AI37: =IF(AH37<10, 100, IF(AH37<30, 80, IF(AH37<50, 60, IF(AH37<80, 40, IF(AH37<=100, 20))))) -> 100 | AJ37: =AI37*0.04 -> 4 | AK37: 4 | AL37: 15 | AM37: 1 | AN37: =SUM(AK37:AL37) -> 19 | AO37: =(AM37/AN37)*100 -> 5.2631579 | AP37: =IF(AO37<10, 100, IF(AO37<20, 80, IF(AO37<30, 60, IF(AO37<50, 40, IF(AO37>=50, 20))))) -> 100 | AQ37: =AP37*0.02 -> 2 | AR37: 1 | AS37: =IF(L37>=2000000000, 0.5, IF(L37<2000000000, 0.25)) -> 0.25 | AT37: =AK37*AS37 -> 1 | AU37: =ROUNDDOWN(AT37,0) -> 1 | AV37: =(AR37-AU37)/AK37*100 -> 0 | AW37: =IF(AV37<0, 20, IF(AV37=0, 40, IF(AV37<20, 60, IF(AV37<40, 80, IF(AV37>=40, 100))))) -> 40 | AX37: =AW37*0.01 -> 0.4 | AY37: 10 | AZ37: 10 | BA37: =AR37*AY37 -> 10 | BB37: =(AZ37/BA37)*100 -> 100 | BC37: =IF(BB37<70, 25, IF(BB37<80, 50, IF(BB37<90, 75, IF(BB37>=90, 100)))) -> 100 | BD37: =BC37*0.01 -> 1 | BE37: 4462443 | BF37: 1154379 | BG37: 442967 | BH37: =SUM(BE37:BF37) -> 5616822 | BI37: =(BG37/BH37)*100 -> 7.8864347 | BJ37: =IF(D37="금융업(보험)", "금융업", IF(D37="금융업(증권)", "금융업", IF(D37="금융업(종금)", "금융업", D37))) -> 금속/비금속/화학업 | BK37: =AVERAGEIF(BJ:BJ, BJ37, BI:BI) -> 3.9534119 | BL37: =BI37-BK37 -> 3.9330229 | BM37: =IF(BL37<-2, 100, IF(BL37<0, 80, IF(BL37<2, 60, IF(BL37<10, 40, 20)))) -> 40 | BN37: =BM37*0.02 -> 0.8 | BO37: 605898.33 | BP37: =(BO37/O37)*100 -> 0.17048819 | BQ37: =IF(BP37=0, 25, IF(BP37<0.1, 40, IF(BP37<0.5, 55, IF(BP37<2, 70, IF(BP37<4, 85, IF(BP37>=4, 100)))))) -> 55 | BR37: =BQ37*0.02 -> 1.1 | BS37: 34335772 | BT37: 180943.15 | BU37: =BS37-BT37 -> 34154829 | BV37: =BU37/O37*100 -> 9.6105152 | BW37: =AVERAGEIF(BJ:BJ, BJ37, BV:BV) -> 5.1474159 | BX37: =(BV37-BW37)^2 -> 19.919255 | BY37: =SQRT(SUMIF(BJ:BJ, BJ37, BX:BX)/COUNTIF(BJ:BJ, BJ37)) -> 6.6930499 | BZ37: =(1-_xlfn.NORM.DIST(BV37, BW37, BY37, TRUE))*100 -> 25.244166 | CA37: =IF(BZ37<=5, 100, IF(BZ37<=15, 85, IF(BZ37<=35, 70, IF(BZ37<=60, 55, IF(BZ37<=90, 40, 25))))) -> 70 | CB37: =CA37*0.02 -> 1.4 | CC37: =(M37/N37)*100 -> 111.18731 | CD37: =IF((100-(75*(CC37-1)/(200-1)))>100, 100, IF((100-(75*(CC37-1)/(200-1)))<25, 25, (100-(75*(CC37-1)/(200-1))))) -> 58.472118 | CE37: =CD37*0.015 -> 0.87708176 | CF37: 평가제외 | CG37: 평가제외 | CH37: 평가제외 | CI37: 평가제외 | CK37: 미공시 | CL37: F | CM37: =IF(CL37="A", 100, IF(CL37="B", 85, IF(CL37="C", 70, IF(CL37="D", 55, IF(CL37="E", 40, 25))))) -> 25 | CN37: =CM37*0.015 -> 0.375 | CO37: 3592103 | CP37: =(CO37/N37)*100 -> 1.9087101 | CQ37: =IF(CP37<3, 100, IF(CP37<10, 80, IF(CP37<35, 60, IF(CP37<100, 40, IF(CP37>=100, 20))))) -> 100 | CR37: =CQ37*0.03 -> 3 | CS37: =_xlfn.XLOOKUP(C37, '1-1. 관계사체무보증금액 (환율 등)'!$3:$3, '1-1. 관계사체무보증금액 (환율 등)'!$33:$33) -> 0 | CT37: =(CS37/N37)*100 -> 0 | CU37: =IF(CT37<3, 100, IF(CT37<10, 80, IF(CT37<35, 60, IF(CT37<100, 40, 20)))) -> 100 | CV37: =CU37*0.02 -> 2 | CW37: =AE37+AJ37+AQ37+AX37+BD37+BN37+BR37+CB37+CE37+CJ37+CN37+CR37+CV37 -> 18.428439
A38: PI첨단소재 | B38: https://dart.fss.or.kr/dsaf001/main.do?rcpNo=20230315000084 | C38: 178920 | D38: 금속/비금속/화학업 | E38: 플라스틱제품 제조업 | F38: PI(Polyimide)제품 | G38: 44417 | H38: 12월 | I38: 송금수 | J38: http://www.pimaterials.com | K38: 충청북도 | L38: 498996616 | M38: 157543399 | N38: 341453217 | O38: 276440430 | P38: 52135090 | Q38: 53978399 | R38: 45710486 | S38: 29366322 | T38: 0 | U38: 15877400 | V38: 0 | W38: =24390+2705+19254+2000+10275+3000+600 -> 62224 | X38: 0 | Z38: 0 | AA38: 0 | AB38: =SUM(U38,V38,Z38,W38,X38) -> 15939624 | AC38: =(AB38/S38)*100 -> 54.278585 | AD38: =100-(75*(AC38-0.1))/(87-0.1) -> 53.240577 | AE38: =AD38*0.03 -> 1.5972173 | AF38: =(U38+V38)/(S38-T38-AA38)*100 -> 54.066696 | AG38: =(U38+V38+Z38+W38+X38-AA38)/(S38-T38-AA38)*100 -> 54.278585 | AH38: =AG38-AF38 -> 0.21188898 | AI38: =IF(AH38<10, 100, IF(AH38<30, 80, IF(AH38<50, 60, IF(AH38<80, 40, IF(AH38<=100, 20))))) -> 100 | AJ38: =AI38*0.04 -> 4 | AK38: 7 | AL38: 8 | AM38: 1 | AN38: =SUM(AK38:AL38) -> 15 | AO38: =(AM38/AN38)*100 -> 6.6666667 | AP38: =IF(AO38<10, 100, IF(AO38<20, 80, IF(AO38<30, 60, IF(AO38<50, 40, IF(AO38>=50, 20))))) -> 100 | AQ38: =AP38*0.02 -> 2 | AR38: 3 | AS38: =IF(L38>=2000000000, 0.5, IF(L38<2000000000, 0.25)) -> 0.25 | AT38: =AK38*AS38 -> 1.75 | AU38: =ROUNDDOWN(AT38,0) -> 1 | AV38: =(AR38-AU38)/AK38*100 -> 28.571429 | AW38: =IF(AV38<0, 20, IF(AV38=0, 40, IF(AV38<20, 60, IF(AV38<40, 80, IF(AV38>=40, 100))))) -> 80 | AX38: =AW38*0.01 -> 0.8 | AY38: 8 | AZ38: 24 | BA38: =AR38*AY38 -> 24 | BB38: =(AZ38/BA38)*100 -> 100 | BC38: =IF(BB38<70, 25, IF(BB38<80, 50, IF(BB38<90, 75, IF(BB38>=90, 100)))) -> 100 | BD38: =BC38*0.01 -> 1 | BE38: 6383837 | BF38: 940896 | BG38: 304983 | BH38: =SUM(BE38:BF38) -> 7324733 | BI38: =(BG38/BH38)*100 -> 4.1637422 | BJ38: =IF(D38="금융업(보험)", "금융업", IF(D38="금융업(증권)", "금융업", IF(D38="금융업(종금)", "금융업", D38))) -> 금속/비금속/화학업 | BK38: =AVERAGEIF(BJ:BJ, BJ38, BI:BI) -> 3.9534119 | BL38: =BI38-BK38 -> 0.21033035 | BM38: =IF(BL38<-2, 100, IF(BL38<0, 80, IF(BL38<2, 60, IF(BL38<10, 40, 20)))) -> 60 | BN38: =BM38*0.02 -> 1.2 | BO38: 9934818 | BP38: =(BO38/O38)*100 -> 3.5938368 | BQ38: =IF(BP38=0, 25, IF(BP38<0.1, 40, IF(BP38<0.5, 55, IF(BP38<2, 70, IF(BP38<4, 85, IF(BP38>=4, 100)))))) -> 85 | BR38: =BQ38*0.02 -> 1.7 | BS38: 1.0779283e+08 | BT38: 27595.5 | BU38: =BS38-BT38 -> 1.0776523e+08 | BV38: =BU38/O38*100 -> 38.983166 | BW38: =AVERAGEIF(BJ:BJ, BJ38, BV:BV) -> 5.1474159 | BX38: =(BV38-BW38)^2 -> 1144.858 | BY38: =SQRT(SUMIF(BJ:BJ, BJ38, BX:BX)/COUNTIF(BJ:BJ, BJ38)) -> 6.6930499 | BZ38: =(1-_xlfn.NORM.DIST(BV38, BW38, BY38, TRUE))*100 -> 2.147943e-05 | CA38: =IF(BZ38<=5, 100, IF(BZ38<=15, 85, IF(BZ38<=35, 70, IF(BZ38<=60, 55, IF(BZ38<=90, 40, 25))))) -> 100 | CB38: =CA38*0.02 -> 2 | CC38: =(M38/N38)*100 -> 46.139088 | CD38: =IF((100-(75*(CC38-1)/(200-1)))>100, 100, IF((100-(75*(CC38-1)/(200-1)))<25, 25, (100-(75*(CC38-1)/(200-1))))) -> 82.987781 | CE38: =CD38*0.015 -> 1.2448167 | CF38: 평가제외 | CG38: 평가제외 | CH38: 평가제외 | CI38: 평가제외 | CK38: 미평가 | CL38: F | CM38: =IF(CL38="A", 100, IF(CL38="B", 85, IF(CL38="C", 70, IF(CL38="D", 55, IF(CL38="E", 40, 25))))) -> 25 | CN38: =CM38*0.015 -> 0.375 | CO38: 0 | CP38: =(CO38/N38)*100 -> 0 | CQ38: =IF(CP38<3, 100, IF(CP38<10, 80, IF(CP38<35, 60, IF(CP38<100, 40, IF(CP38>=100, 20))))) -> 100 | CR38: =CQ38*0.03 -> 3 | CS38: =_xlfn.XLOOKUP(C38, '1-1. 관계사체무보증금액 (환율 등)'!$3:$3, '1-1. 관계사체무보증금액 (환율 등)'!$33:$33) -> 0 | CT38: =(CS38/N38)*100 -> 0 | CU38: =IF(CT38<3, 100, IF(CT38<10, 80, IF(CT38<35, 60, IF(CT38<100, 40, 20)))) -> 100 | CV38: =CU38*0.02 -> 2 | CW38: =AE38+AJ38+AQ38+AX38+BD38+BN38+BR38+CB38+CE38+CJ38+CN38+CR38+CV38 -> 20.917034
A39: SGC에너지 | B39: https://dart.fss.or.kr/dsaf001/main.do?rcpNo=20230309000859 | C39: 005090 | D39: 전기전자/기계업 | E39: 전기업 | F39: 증기, 전기, REC(신재생에너지공급인증서) | G39: 33975 | H39: 12월 | I39: 이우성, 박준영, 이복영 | J39: http://www.sgcenergy.co.kr | K39: 서울특별시 | L39: 1689083868 | M39: 1058363402 | N39: 630720466 | O39: 903462137 | P39: 135794969 | Q39: 110455021 | R39: 82620907 | S39: 14677004 | T39: 269762 | U39: 2822815 | V39: =1512002+2598902+103000+20415 -> 4234319 | W39: =4000+2000 -> 6000 | X39: 0 | Z39: =819018+468354 -> 1287372 | AA39: 820849 | AB39: =SUM(U39,V39,Z39,W39,X39) -> 8350506 | AC39: =(AB39/S39)*100 -> 56.895167 | AD39: =100-(75*(AC39-0.1))/(87-0.1) -> 50.982307 | AE39: =AD39*0.03 -> 1.5294692 | AF39: =(U39+V39)/(S39-T39-AA39)*100 -> 51.942661 | AG39: =(U39+V39+Z39+W39+X39-AA39)/(S39-T39-AA39)*100 -> 55.420574 | AH39: =AG39-AF39 -> 3.4779135 | AI39: =IF(AH39<10, 100, IF(AH39<30, 80, IF(AH39<50, 60, IF(AH39<80, 40, IF(AH39<=100, 20))))) -> 100 | AJ39: =AI39*0.04 -> 4 | AK39: 7 | AL39: 8 | AM39: 2 | AN39: =SUM(AK39:AL39) -> 15 | AO39: =(AM39/AN39)*100 -> 13.333333 | AP39: =IF(AO39<10, 100, IF(AO39<20, 80, IF(AO39<30, 60, IF(AO39<50, 40, IF(AO39>=50, 20))))) -> 80 | AQ39: =AP39*0.02 -> 1.6 | AR39: 2 | AS39: =IF(L39>=2000000000, 0.5, IF(L39<2000000000, 0.25)) -> 0.25 | AT39: =AK39*AS39 -> 1.75 | AU39: =ROUNDDOWN(AT39,0) -> 1 | AV39: =(AR39-AU39)/AK39*100 -> 14.285714 | AW39: =IF(AV39<0, 20, IF(AV39=0, 40, IF(AV39<20, 60, IF(AV39<40, 80, IF(AV39>=40, 100))))) -> 60 | AX39: =AW39*0.01 -> 0.6 | AY39: 14 | AZ39: 28 | BA39: =AR39*AY39 -> 28 | BB39: =(AZ39/BA39)*100 -> 100 | BC39: =IF(BB39<70, 25, IF(BB39<80, 50, IF(BB39<90, 75, IF(BB39>=90, 100)))) -> 100 | BD39: =BC39*0.01 -> 1 | BE39: 3968983 | BF39: 319873 | BG39: 206124 | BH39: =SUM(BE39:BF39) -> 4288856 | BI39: =(BG39/BH39)*100 -> 4.8060369 | BJ39: =IF(D39="금융업(보험)", "금융업", IF(D39="금융업(증권)", "금융업", IF(D39="금융업(종금)", "금융업", D39))) -> 전기전자/기계업 | BK39: =AVERAGEIF(BJ:BJ, BJ39, BI:BI) -> 2.409645 | BL39: =BI39-BK39 -> 2.3963919 | BM39: =IF(BL39<-2, 100, IF(BL39<0, 80, IF(BL39<2, 60, IF(BL39<10, 40, 20)))) -> 40 | BN39: =BM39*0.02 -> 0.8 | BO39: 255809 | BP39: =(BO39/O39)*100 -> 0.028314302 | BQ39: =IF(BP39=0, 25, IF(BP39<0.1, 40, IF(BP39<0.5, 55, IF(BP39<2, 70, IF(BP39<4, 85, IF(BP39>=4, 100)))))) -> 40 | BR39: =BQ39*0.02 -> 0.8 | BS39: 35539606 | BT39: 135709.3 | BU39: =BS39-BT39 -> 35403897 | BV39: =BU39/O39*100 -> 3.9186918 | BW39: =AVERAGEIF(BJ:BJ, BJ39, BV:BV) -> 5.2309968 | BX39: =(BV39-BW39)^2 -> 1.7221443 | BY39: =SQRT(SUMIF(BJ:BJ, BJ39, BX:BX)/COUNTIF(BJ:BJ, BJ39)) -> 7.0695458 | BZ39: =(1-_xlfn.NORM.DIST(BV39, BW39, BY39, TRUE))*100 -> 57.363171 | CA39: =IF(BZ39<=5, 100, IF(BZ39<=15, 85, IF(BZ39<=35, 70, IF(BZ39<=60, 55, IF(BZ39<=90, 40, 25))))) -> 55 | CB39: =CA39*0.02 -> 1.1 | CC39: =(M39/N39)*100 -> 167.80229 | CD39: =IF((100-(75*(CC39-1)/(200-1)))>100, 100, IF((100-(75*(CC39-1)/(200-1)))<25, 25, (100-(75*(CC39-1)/(200-1))))) -> 37.134814 | CE39: =CD39*0.015 -> 0.55702222 | CF39: 평가제외 | CG39: 평가제외 | CH39: 평가제외 | CI39: 평가제외 | CK39: A+ | CL39: C | CM39: =IF(CL39="A", 100, IF(CL39="B", 85, IF(CL39="C", 70, IF(CL39="D", 55, IF(CL39="E", 40, 25))))) -> 70 | CN39: =CM39*0.015 -> 1.05 | CO39: 318993000 | CP39: =(CO39/N39)*100 -> 50.575971 | CQ39: =IF(CP39<3, 100, IF(CP39<10, 80, IF(CP39<35, 60, IF(CP39<100, 40, IF(CP39>=100, 20))))) -> 40 | CR39: =CQ39*0.03 -> 1.2 | CS39: =_xlfn.XLOOKUP(C39, '1-1. 관계사체무보증금액 (환율 등)'!$3:$3, '1-1. 관계사체무보증금액 (환율 등)'!$33:$33) -> 1144339697 | CT39: =(CS39/N39)*100 -> 181.43373 | CU39: =IF(CT39<3, 100, IF(CT39<10, 80, IF(CT39<35, 60, IF(CT39<100, 40, 20)))) -> 20 | CV39: =CU39*0.02 -> 0.4 | CW39: =AE39+AJ39+AQ39+AX39+BD39+BN39+BR39+CB39+CE39+CJ39+CN39+CR39+CV39 -> 14.636491
A40: SHD | B40: https://dart.fss.or.kr/dsaf001/main.do?rcpNo=20230321000569 | C40: 001770 | D40: 금속/비금속/화학업 | E40: 1차 철강 제조업 | F40: 석도강판,표면처리강판 제조,임가공,판매 | G40: 32470 | H40: 12월 | I40: 신종호 | J40: http://www.shinhwatp.co.kr | K40: 경기도 | L40: 88291972 | M40: 36836002 | N40: 51455970 | O40: 125263993 | P40: 14179053 | Q40: 13787797 | R40: 10819014 | S40: 1214878 | T40: 557609 | U40: 557609 | V40: =4000+7441+1441+707 -> 13589 | W40: 0 | X40: 0 | Z40: 0 | AA40: 0 | AB40: =SUM(U40,V40,Z40,W40,X40) -> 571198 | AC40: =(AB40/S40)*100 -> 47.016902 | AD40: =100-(75*(AC40-0.1))/(87-0.1) -> 59.507852 | AE40: =AD40*0.03 -> 1.7852356 | AF40: =(U40+V40)/(S40-T40-AA40)*100 -> 86.904753 | AG40: =(U40+V40+Z40+W40+X40-AA40)/(S40-T40-AA40)*100 -> 86.904753 | AH40: =AG40-AF40 -> 0 | AI40: =IF(AH40<10, 100, IF(AH40<30, 80, IF(AH40<50, 60, IF(AH40<80, 40, IF(AH40<=100, 20))))) -> 100 | AJ40: =AI40*0.04 -> 4 | AK40: 4 | AL40: 0 | AM40: 1 | AN40: =SUM(AK40:AL40) -> 4 | AO40: =(AM40/AN40)*100 -> 25 | AP40: =IF(AO40<10, 100, IF(AO40<20, 80, IF(AO40<30, 60, IF(AO40<50, 40, IF(AO40>=50, 20))))) -> 60 | AQ40: =AP40*0.02 -> 1.2 | AR40: 2 | AS40: =IF(L40>=2000000000, 0.5, IF(L40<2000000000, 0.25)) -> 0.25 | AT40: =AK40*AS40 -> 1 | AU40: =ROUNDDOWN(AT40,0) -> 1 | AV40: =(AR40-AU40)/AK40*100 -> 25 | AW40: =IF(AV40<0, 20, IF(AV40=0, 40, IF(AV40<20, 60, IF(AV40<40, 80, IF(AV40>=40, 100))))) -> 80 | AX40: =AW40*0.01 -> 0.8 | AY40: 11 | AZ40: 22 | BA40: =AR40*AY40 -> 22 | BB40: =(AZ40/BA40)*100 -> 100 | BC40: =IF(BB40<70, 25, IF(BB40<80, 50, IF(BB40<90, 75, IF(BB40>=90, 100)))) -> 100 | BD40: =BC40*0.01 -> 1 | BE40: 986702 | BF40: 52771 | BG40: 120568 | BH40: =SUM(BE40:BF40) -> 1039473 | BI40: =(BG40/BH40)*100 -> 11.598954 | BJ40: =IF(D40="금융업(보험)", "금융업", IF(D40="금융업(증권)", "금융업", IF(D40="금융업(종금)", "금융업", D40))) -> 금속/비금속/화학업 | BK40: =AVERAGEIF(BJ:BJ, BJ40, BI:BI) -> 3.9534119 | BL40: =BI40-BK40 -> 7.6455426 | BM40: =IF(BL40<-2, 100, IF(BL40<0, 80, IF(BL40<2, 60, IF(BL40<10, 40, 20)))) -> 40 | BN40: =BM40*0.02 -> 0.8 | BO40: 0 | BP40: =(BO40/O40)*100 -> 0 | BQ40: =IF(BP40=0, 25, IF(BP40<0.1, 40, IF(BP40<0.5, 55, IF(BP40<2, 70, IF(BP40<4, 85, IF(BP40>=4, 100)))))) -> 25 | BR40: =BQ40*0.02 -> 0.5 | BS40: 1846808 | BT40: 2339 | BU40: =BS40-BT40 -> 1844469 | BV40: =BU40/O40*100 -> 1.4724654 | BW40: =AVERAGEIF(BJ:BJ, BJ40, BV:BV) -> 5.1474159 | BX40: =(BV40-BW40)^2 -> 13.505261 | BY40: =SQRT(SUMIF(BJ:BJ, BJ40, BX:BX)/COUNTIF(BJ:BJ, BJ40)) -> 6.6930499 | BZ40: =(1-_xlfn.NORM.DIST(BV40, BW40, BY40, TRUE))*100 -> 70.852117 | CA40: =IF(BZ40<=5, 100, IF(BZ40<=15, 85, IF(BZ40<=35, 70, IF(BZ40<=60, 55, IF(BZ40<=90, 40, 25))))) -> 40 | CB40: =CA40*0.02 -> 0.8 | CC40: =(M40/N40)*100 -> 71.587421 | CD40: =IF((100-(75*(CC40-1)/(200-1)))>100, 100, IF((100-(75*(CC40-1)/(200-1)))<25, 25, (100-(75*(CC40-1)/(200-1))))) -> 73.396701 | CE40: =CD40*0.015 -> 1.1009505 | CF40: 평가제외 | CG40: 평가제외 | CH40: 평가제외 | CI40: 평가제외 | CK40: 미공시 | CL40: F | CM40: =IF(CL40="A", 100, IF(CL40="B", 85, IF(CL40="C", 70, IF(CL40="D", 55, IF(CL40="E", 40, 25))))) -> 25 | CN40: =CM40*0.015 -> 0.375 | CO40: 0 | CP40: =(CO40/N40)*100 -> 0 | CQ40: =IF(CP40<3, 100, IF(CP40<10, 80, IF(CP40<35, 60, IF(CP40<100, 40, IF(CP40>=100, 20))))) -> 100 | CR40: =CQ40*0.03 -> 3 | CS40: =_xlfn.XLOOKUP(C40, '1-1. 관계사체무보증금액 (환율 등)'!$3:$3, '1-1. 관계사체무보증금액 (환율 등)'!$33:$33) -> 0 | CT40: =(CS40/N40)*100 -> 0 | CU40: =IF(CT40<3, 100, IF(CT40<10, 80, IF(CT40<35, 60, IF(CT40<100, 40, 20)))) -> 100 | CV40: =CU40*0.02 -> 2 | CW40: =AE40+AJ40+AQ40+AX40+BD40+BN40+BR40+CB40+CE40+CJ40+CN40+CR40+CV40 -> 17.361186
A41: SIMPAC | B41: https://dart.fss.or.kr/dsaf001/main.do?rcpNo=20230320000844 | C41: 009160 | D41: 금속/비금속/화학업 | E41: 1차 철강 제조업 | F41: 프레스, 합금철 | G41: 32718 | H41: 12월 | I41: 최진식 | J41: http://www.simpac.co.kr | K41: 인천광역시 | L41: 784010055 | M41: 266944685 | N41: 517065370 | O41: 504474738 | P41: 87061651 | Q41: 64111344 | R41: 47519888 | S41: 65429516 | T41: 11160000 | U41: 34270791 | V41: =500000+143873 -> 643873 | W41: =3680712+33549 -> 3714261 | X41: 621426 | Y41: (재)심팩최진식장학재단 | Z41: 0 | AA41: 0 | AB41: =SUM(U41,V41,Z41,W41,X41) -> 39250351 | AC41: =(AB41/S41)*100 -> 59.988753 | AD41: =100-(75*(AC41-0.1))/(87-0.1) -> 48.312353 | AE41: =AD41*0.03 -> 1.4493706 | AF41: =(U41+V41)/(S41-T41-AA41)*100 -> 64.335683 | AG41: =(U41+V41+Z41+W41+X41-AA41)/(S41-T41-AA41)*100 -> 72.324859 | AH41: =AG41-AF41 -> 7.9891757 | AI41: =IF(AH41<10, 100, IF(AH41<30, 80, IF(AH41<50, 60, IF(AH41<80, 40, IF(AH41<=100, 20))))) -> 100 | AJ41: =AI41*0.04 -> 4 | AK41: 5 | AL41: 15 | AM41: 1 | AN41: =SUM(AK41:AL41) -> 20 | AO41: =(AM41/AN41)*100 -> 5 | AP41: =IF(AO41<10, 100, IF(AO41<20, 80, IF(AO41<30, 60, IF(AO41<50, 40, IF(AO41>=50, 20))))) -> 100 | AQ41: =AP41*0.02 -> 2 | AR41: 1 | AS41: =IF(L41>=2000000000, 0.5, IF(L41<2000000000, 0.25)) -> 0.25 | AT41: =AK41*AS41 -> 1.25 | AU41: =ROUNDDOWN(AT41,0) -> 1 | AV41: =(AR41-AU41)/AK41*100 -> 0 | AW41: =IF(AV41<0, 20, IF(AV41=0, 40, IF(AV41<20, 60, IF(AV41<40, 80, IF(AV41>=40, 100))))) -> 40 | AX41: =AW41*0.01 -> 0.4 | AY41: 24 | AZ41: 24 | BA41: =AR41*AY41 -> 24 | BB41: =(AZ41/BA41)*100 -> 100 | BC41: =IF(BB41<70, 25, IF(BB41<80, 50, IF(BB41<90, 75, IF(BB41>=90, 100)))) -> 100 | BD41: =BC41*0.01 -> 1 | BE41: 14662400 | BF41: 1474308 | BG41: 0 | BH41: =SUM(BE41:BF41) -> 16136708 | BI41: =(BG41/BH41)*100 -> 0 | BJ41: =IF(D41="금융업(보험)", "금융업", IF(D41="금융업(증권)", "금융업", IF(D41="금융업(종금)", "금융업", D41))) -> 금속/비금속/화학업 | BK41: =AVERAGEIF(BJ:BJ, BJ41, BI:BI) -> 3.9534119 | BL41: =BI41-BK41 -> -3.9534119 | BM41: =IF(BL41<-2, 100, IF(BL41<0, 80, IF(BL41<2, 60, IF(BL41<10, 40, 20)))) -> 100 | BN41: =BM41*0.02 -> 2 | BO41: 0 | BP41: =(BO41/O41)*100 -> 0 | BQ41: =IF(BP41=0, 25, IF(BP41<0.1, 40, IF(BP41<0.5, 55, IF(BP41<2, 70, IF(BP41<4, 85, IF(BP41>=4, 100)))))) -> 25 | BR41: =BQ41*0.02 -> 0.5 | BS41: 13731263 | BT41: 1020389.6 | BU41: =BS41-BT41 -> 12710873 | BV41: =BU41/O41*100 -> 2.5196254 | BW41: =AVERAGEIF(BJ:BJ, BJ41, BV:BV) -> 5.1474159 | BX41: =(BV41-BW41)^2 -> 6.9052828 | BY41: =SQRT(SUMIF(BJ:BJ, BJ41, BX:BX)/COUNTIF(BJ:BJ, BJ41)) -> 6.6930499 | BZ41: =(1-_xlfn.NORM.DIST(BV41, BW41, BY41, TRUE))*100 -> 65.2698 | CA41: =IF(BZ41<=5, 100, IF(BZ41<=15, 85, IF(BZ41<=35, 70, IF(BZ41<=60, 55, IF(BZ41<=90, 40, 25))))) -> 40 | CB41: =CA41*0.02 -> 0.8 | CC41: =(M41/N41)*100 -> 51.626874 | CD41: =IF((100-(75*(CC41-1)/(200-1)))>100, 100, IF((100-(75*(CC41-1)/(200-1)))<25, 25, (100-(75*(CC41-1)/(200-1))))) -> 80.91952 | CE41: =CD41*0.015 -> 1.2137928 | CF41: 평가제외 | CG41: 평가제외 | CH41: 평가제외 | CI41: 평가제외 | CK41: 미공시 | CL41: F | CM41: =IF(CL41="A", 100, IF(CL41="B", 85, IF(CL41="C", 70, IF(CL41="D", 55, IF(CL41="E", 40, 25))))) -> 25 | CN41: =CM41*0.015 -> 0.375 | CO41: =211530000-7976000 -> 203554000 | CP41: =(CO41/N41)*100 -> 39.367169 | CQ41: =IF(CP41<3, 100, IF(CP41<10, 80, IF(CP41<35, 60, IF(CP41<100, 40, IF(CP41>=100, 20))))) -> 40 | CR41: =CQ41*0.03 -> 1.2 | CS41: =_xlfn.XLOOKUP(C41, '1-1. 관계사체무보증금액 (환율 등)'!$3:$3, '1-1. 관계사체무보증금액 (환율 등)'!$33:$33) -> 0 | CT41: =(CS41/N41)*100 -> 0 | CU41: =IF(CT41<3, 100, IF(CT41<10, 80, IF(CT41<35, 60, IF(CT41<100, 40, 20)))) -> 100 | CV41: =CU41*0.02 -> 2 | CW41: =AE41+AJ41+AQ41+AX41+BD41+BN41+BR41+CB41+CE41+CJ41+CN41+CR41+CV41 -> 16.938163
A42: SK가스 | B42: https://dart.fss.or.kr/dsaf001/main.do?rcpNo=20230315000990 | C42: 018670 | D42: 비제조/서비스업 | E42: 기타 전문 도매업 | F42: 액화석유가스,가스기기 판매,수입,저장 | G42: 35669 | H42: 12월 | I42: 윤병석 | J42: http://www.skgas.co.kr/ | K42: 경기도 | L42: 4987103374 | M42: 2920774145 | N42: 2066329229 | O42: 6978937449 | P42: 427890389 | Q42: 355031852 | R42: 268904384 | S42: 9230244 | T42: 255198 | U42: 6664401 | V42: 0 | W42: =2916+9129+773+300+160+270+461+70+100+402+65+35+633+90+88+150+129+52+2433+60+2110+100+60+1365 -> 21951 | X42: 0 | Z42: 0 | AA42: 0 | AB42: =SUM(U42,V42,Z42,W42,X42) -> 6686352 | AC42: =(AB42/S42)*100 -> 72.439602 | AD42: =100-(75*(AC42-0.1))/(87-0.1) -> 37.566512 | AE42: =AD42*0.03 -> 1.1269954 | AF42: =(U42+V42)/(S42-T42-AA42)*100 -> 74.254784 | AG42: =(U42+V42+Z42+W42+X42-AA42)/(S42-T42-AA42)*100 -> 74.499362 | AH42: =AG42-AF42 -> 0.24457813 | AI42: =IF(AH42<10, 100, IF(AH42<30, 80, IF(AH42<50, 60, IF(AH42<80, 40, IF(AH42<=100, 20))))) -> 100 | AJ42: =AI42*0.04 -> 4 | AK42: 7 | AL42: 28 | AM42: 1 | AN42: =SUM(AK42:AL42) -> 35 | AO42: =(AM42/AN42)*100 -> 2.8571429 | AP42: =IF(AO42<10, 100, IF(AO42<20, 80, IF(AO42<30, 60, IF(AO42<50, 40, IF(AO42>=50, 20))))) -> 100 | AQ42: =AP42*0.02 -> 2 | AR42: 4 | AS42: =IF(L42>=2000000000, 0.5, IF(L42<2000000000, 0.25)) -> 0.5 | AT42: =AK42*AS42 -> 3.5 | AU42: =ROUNDDOWN(AT42,0) -> 3 | AV42: =(AR42-AU42)/AK42*100 -> 14.285714 | AW42: =IF(AV42<0, 20, IF(AV42=0, 40, IF(AV42<20, 60, IF(AV42<40, 80, IF(AV42>=40, 100))))) -> 60 | AX42: =AW42*0.01 -> 0.6 | AY42: 15 | AZ42: =15*4 -> 60 | BA42: =AR42*AY42 -> 60 | BB42: =(AZ42/BA42)*100 -> 100 | BC42: =IF(BB42<70, 25, IF(BB42<80, 50, IF(BB42<90, 75, IF(BB42>=90, 100)))) -> 100 | BD42: =BC42*0.01 -> 1 | BE42: 75219641 | BF42: 4259073 | BG42: 2415184 | BH42: =SUM(BE42:BF42) -> 79478714 | BI42: =(BG42/BH42)*100 -> 3.0387809 | BJ42: =IF(D42="금융업(보험)", "금융업", IF(D42="금융업(증권)", "금융업", IF(D42="금융업(종금)", "금융업", D42))) -> 비제조/서비스업 | BK42: =AVERAGEIF(BJ:BJ, BJ42, BI:BI) -> 1.7464435 | BL42: =BI42-BK42 -> 1.2923375 | BM42: =IF(BL42<-2, 100, IF(BL42<0, 80, IF(BL42<2, 60, IF(BL42<10, 40, 20)))) -> 60 | BN42: =BM42*0.02 -> 1.2 | BO42: 0 | BP42: =(BO42/O42)*100 -> 0 | BQ42: =IF(BP42=0, 25, IF(BP42<0.1, 40, IF(BP42<0.5, 55, IF(BP42<2, 70, IF(BP42<4, 85, IF(BP42>=4, 100)))))) -> 25 | BR42: =BQ42*0.02 -> 0.5 | BS42: 73343823 | BT42: 43292.017 | BU42: =BS42-BT42 -> 73300531 | BV42: =BU42/O42*100 -> 1.0503108 | BW42: =AVERAGEIF(BJ:BJ, BJ42, BV:BV) -> 2.8482825 | BX42: =(BV42-BW42)^2 -> 3.2327025 | BY42: =SQRT(SUMIF(BJ:BJ, BJ42, BX:BX)/COUNTIF(BJ:BJ, BJ42)) -> 5.5697596 | BZ42: =(1-_xlfn.NORM.DIST(BV42, BW42, BY42, TRUE))*100 -> 62.658027 | CA42: =IF(BZ42<=5, 100, IF(BZ42<=15, 85, IF(BZ42<=35, 70, IF(BZ42<=60, 55, IF(BZ42<=90, 40, 25))))) -> 40 | CB42: =CA42*0.02 -> 0.8 | CC42: =(M42/N42)*100 -> 141.35086 | CD42: =IF((100-(75*(CC42-1)/(200-1)))>100, 100, IF((100-(75*(CC42-1)/(200-1)))<25, 25, (100-(75*(CC42-1)/(200-1))))) -> 47.103947 | CE42: =CD42*0.015 -> 0.70655921 | CF42: 평가제외 | CG42: 평가제외 | CH42: 평가제외 | CI42: 평가제외 | CK42: AA- | CL42: C | CM42: =IF(CL42="A", 100, IF(CL42="B", 85, IF(CL42="C", 70, IF(CL42="D", 55, IF(CL42="E", 40, 25))))) -> 70 | CN42: =CM42*0.015 -> 1.05 | CO42: 657540000 | CP42: =(CO42/N42)*100 -> 31.821647 | CQ42: =IF(CP42<3, 100, IF(CP42<10, 80, IF(CP42<35, 60, IF(CP42<100, 40, IF(CP42>=100, 20))))) -> 60 | CR42: =CQ42*0.03 -> 1.8 | CS42: =_xlfn.XLOOKUP(C42, '1-1. 관계사체무보증금액 (환율 등)'!$3:$3, '1-1. 관계사체무보증금액 (환율 등)'!$33:$33) -> 5.2040114e+08 | CT42: =(CS42/N42)*100 -> 25.184812 | CU42: =IF(CT42<3, 100, IF(CT42<10, 80, IF(CT42<35, 60, IF(CT42<100, 40, 20)))) -> 60 | CV42: =CU42*0.02 -> 1.2 | CW42: =AE42+AJ42+AQ42+AX42+BD42+BN42+BR42+CB42+CE42+CJ42+CN42+CR42+CV42 -> 15.983555
A43: SK렌터카 | B43: https://dart.fss.or.kr/dsaf001/main.do?rcpNo=20230320000162 | C43: 068400 | D43: 비제조/서비스업 | E43: 운송장비 임대업 | F43: 승용자동차 임대 | G43: 41117 | H43: 12월 | I43: 황일문 | J43: http://https://company.skcarrental.com | K43: 서울특별시 | L43: 3341658508 | M43: 2823131632 | N43: 518526876 | O43: 1247543929 | P43: 94379336 | Q43: 30714021 | R43: 21213587 | S43: 47285840 | T43: 1877845 | U43: 34493200 | V43: 0 | W43: =10+7500+5000*2 -> 17510 | X43: 0 | Z43: 0 | AA43: 0 | AB43: =SUM(U43,V43,Z43,W43,X43) -> 34510710 | AC43: =(AB43/S43)*100 -> 72.983181 | AD43: =100-(75*(AC43-0.1))/(87-0.1) -> 37.09737 | AE43: =AD43*0.03 -> 1.1129211 | AF43: =(U43+V43)/(S43-T43-AA43)*100 -> 75.962834 | AG43: =(U43+V43+Z43+W43+X43-AA43)/(S43-T43-AA43)*100 -> 76.001396 | AH43: =AG43-AF43 -> 0.038561491 | AI43: =IF(AH43<10, 100, IF(AH43<30, 80, IF(AH43<50, 60, IF(AH43<80, 40, IF(AH43<=100, 20))))) -> 100 | AJ43: =AI43*0.04 -> 4 | AK43: 5 | AL43: 14 | AM43: 0 | AN43: =SUM(AK43:AL43) -> 19 | AO43: =(AM43/AN43)*100 -> 0 | AP43: =IF(AO43<10, 100, IF(AO43<20, 80, IF(AO43<30, 60, IF(AO43<50, 40, IF(AO43>=50, 20))))) -> 100 | AQ43: =AP43*0.02 -> 2 | AR43: 3 | AS43: =IF(L43>=2000000000, 0.5, IF(L43<2000000000, 0.25)) -> 0.5 | AT43: =AK43*AS43 -> 2.5 | AU43: =ROUNDDOWN(AT43,0) -> 2 | AV43: =(AR43-AU43)/AK43*100 -> 20 | AW43: =IF(AV43<0, 20, IF(AV43=0, 40, IF(AV43<20, 60, IF(AV43<40, 80, IF(AV43>=40, 100))))) -> 80 | AX43: =AW43*0.01 -> 0.8 | AY43: 12 | AZ43: =36-1 -> 35 | BA43: =AR43*AY43 -> 36 | BB43: =(AZ43/BA43)*100 -> 97.222222 | BC43: =IF(BB43<70, 25, IF(BB43<80, 50, IF(BB43<90, 75, IF(BB43>=90, 100)))) -> 100 | BD43: =BC43*0.01 -> 1 | BE43: 49661530 | BF43: 4037239 | BG43: 659580 | BH43: =SUM(BE43:BF43) -> 53698769 | BI43: =(BG43/BH43)*100 -> 1.2282963 | BJ43: =IF(D43="금융업(보험)", "금융업", IF(D43="금융업(증권)", "금융업", IF(D43="금융업(종금)", "금융업", D43))) -> 비제조/서비스업 | BK43: =AVERAGEIF(BJ:BJ, BJ43, BI:BI) -> 1.7464435 | BL43: =BI43-BK43 -> -0.51814714 | BM43: =IF(BL43<-2, 100, IF(BL43<0, 80, IF(BL43<2, 60, IF(BL43<10, 40, 20)))) -> 80 | BN43: =BM43*0.02 -> 1.6 | BO43: 0 | BP43: =(BO43/O43)*100 -> 0 | BQ43: =IF(BP43=0, 25, IF(BP43<0.1, 40, IF(BP43<0.5, 55, IF(BP43<2, 70, IF(BP43<4, 85, IF(BP43>=4, 100)))))) -> 25 | BR43: =BQ43*0.02 -> 0.5 | BS43: 22285516 | BT43: 10927.271 | BU43: =BS43-BT43 -> 22274589 | BV43: =BU43/O43*100 -> 1.7854753 | BW43: =AVERAGEIF(BJ:BJ, BJ43, BV:BV) -> 2.8482825 | BX43: =(BV43-BW43)^2 -> 1.1295592 | BY43: =SQRT(SUMIF(BJ:BJ, BJ43, BX:BX)/COUNTIF(BJ:BJ, BJ43)) -> 5.5697596 | BZ43: =(1-_xlfn.NORM.DIST(BV43, BW43, BY43, TRUE))*100 -> 57.566569 | CA43: =IF(BZ43<=5, 100, IF(BZ43<=15, 85, IF(BZ43<=35, 70, IF(BZ43<=60, 55, IF(BZ43<=90, 40, 25))))) -> 55 | CB43: =CA43*0.02 -> 1.1 | CC43: =(M43/N43)*100 -> 544.45232 | CD43: =IF((100-(75*(CC43-1)/(200-1)))>100, 100, IF((100-(75*(CC43-1)/(200-1)))<25, 25, (100-(75*(CC43-1)/(200-1))))) -> 25 | CE43: =CD43*0.015 -> 0.375 | CF43: 평가제외 | CG43: 평가제외 | CH43: 평가제외 | CI43: 평가제외 | CK43: A | CL43: D | CM43: =IF(CL43="A", 100, IF(CL43="B", 85, IF(CL43="C", 70, IF(CL43="D", 55, IF(CL43="E", 40, 25))))) -> 55 | CN43: =CM43*0.015 -> 0.825 | CO43: 6493000 | CP43: =(CO43/N43)*100 -> 1.2522012 | CQ43: =IF(CP43<3, 100, IF(CP43<10, 80, IF(CP43<35, 60, IF(CP43<100, 40, IF(CP43>=100, 20))))) -> 100 | CR43: =CQ43*0.03 -> 3 | CS43: =_xlfn.XLOOKUP(C43, '1-1. 관계사체무보증금액 (환율 등)'!$3:$3, '1-1. 관계사체무보증금액 (환율 등)'!$33:$33) -> 0 | CT43: =(CS43/N43)*100 -> 0 | CU43: =IF(CT43<3, 100, IF(CT43<10, 80, IF(CT43<35, 60, IF(CT43<100, 40, 20)))) -> 100 | CV43: =CU43*0.02 -> 2 | CW43: =AE43+AJ43+AQ43+AX43+BD43+BN43+BR43+CB43+CE43+CJ43+CN43+CR43+CV43 -> 18.312921
A44: SK바이오사이언스 | B44: https://dart.fss.or.kr/dsaf001/main.do?rcpNo=20230317000869 | C44: 302440 | D44: 식약/섬유/종이업 | E44: 기초 의약물질 및 생물학적 제제 제조업 | F44: 백신 제품 및 제제 | G44: 44273 | H44: 12월 | I44: 안재용 | J44: http://www.skbioscience.com | K44: 경기도 | L44: 2142189396 | M44: 399934106 | N44: 1742255291 | O44: 456725871 | P44: 115378989 | Q44: 142097807 | R44: 122816574 | S44: 76784046 | T44: 0 | U44: 52350000 | V44: 0 | W44: =21852*2+1000+10000+7080+3000+8000+6161+13275+6354+7433+1763 -> 107770 | X44: 0 | Z44: 0 | AA44: 0 | AB44: =SUM(U44,V44,Z44,W44,X44) -> 52457770 | AC44: =(AB44/S44)*100 -> 68.31858 | AD44: =100-(75*(AC44-0.1))/(87-0.1) -> 41.123205 | AE44: =AD44*0.03 -> 1.2336961 | AF44: =(U44+V44)/(S44-T44-AA44)*100 -> 68.178225 | AG44: =(U44+V44+Z44+W44+X44-AA44)/(S44-T44-AA44)*100 -> 68.31858 | AH44: =AG44-AF44 -> 0.14035468 | AI44: =IF(AH44<10, 100, IF(AH44<30, 80, IF(AH44<50, 60, IF(AH44<80, 40, IF(AH44<=100, 20))))) -> 100 | AJ44: =AI44*0.04 -> 4 | AK44: 7 | AL44: 31 | AM44: 0 | AN44: =SUM(AK44:AL44) -> 38 | AO44: =(AM44/AN44)*100 -> 0 | AP44: =IF(AO44<10, 100, IF(AO44<20, 80, IF(AO44<30, 60, IF(AO44<50, 40, IF(AO44>=50, 20))))) -> 100 | AQ44: =AP44*0.02 -> 2 | AR44: 4 | AS44: =IF(L44>=2000000000, 0.5, IF(L44<2000000000, 0.25)) -> 0.5 | AT44: =AK44*AS44 -> 3.5 | AU44: =ROUNDDOWN(AT44,0) -> 3 | AV44: =(AR44-AU44)/AK44*100 -> 14.285714 | AW44: =IF(AV44<0, 20, IF(AV44=0, 40, IF(AV44<20, 60, IF(AV44<40, 80, IF(AV44>=40, 100))))) -> 60 | AX44: =AW44*0.01 -> 0.6 | AY44: 15 | AZ44: =15*4-1 -> 59 | BA44: =AR44*AY44 -> 60 | BB44: =(AZ44/BA44)*100 -> 98.333333 | BC44: =IF(BB44<70, 25, IF(BB44<80, 50, IF(BB44<90, 75, IF(BB44>=90, 100)))) -> 100 | BD44: =BC44*0.01 -> 1 | BE44: 27333164 | BF44: 2578847 | BG44: 597085 | BH44: =SUM(BE44:BF44) -> 29912011 | BI44: =(BG44/BH44)*100 -> 1.9961379 | BJ44: =IF(D44="금융업(보험)", "금융업", IF(D44="금융업(증권)", "금융업", IF(D44="금융업(종금)", "금융업", D44))) -> 식약/섬유/종이업 | BK44: =AVERAGEIF(BJ:BJ, BJ44, BI:BI) -> 2.1999361 | BL44: =BI44-BK44 -> -0.20379812 | BM44: =IF(BL44<-2, 100, IF(BL44<0, 80, IF(BL44<2, 60, IF(BL44<10, 40, 20)))) -> 80 | BN44: =BM44*0.02 -> 1.6 | BO44: 59124000 | BP44: =(BO44/O44)*100 -> 12.945183 | BQ44: =IF(BP44=0, 25, IF(BP44<0.1, 40, IF(BP44<0.5, 55, IF(BP44<2, 70, IF(BP44<4, 85, IF(BP44>=4, 100)))))) -> 100 | BR44: =BQ44*0.02 -> 2 | BS44: 72235836 | BT44: 34566 | BU44: =BS44-BT44 -> 72201270 | BV44: =BU44/O44*100 -> 15.808448 | BW44: =AVERAGEIF(BJ:BJ, BJ44, BV:BV) -> 5.0508176 | BX44: =(BV44-BW44)^2 -> 115.7266 | BY44: =SQRT(SUMIF(BJ:BJ, BJ44, BX:BX)/COUNTIF(BJ:BJ, BJ44)) -> 6.9871618 | BZ44: =(1-_xlfn.NORM.DIST(BV44, BW44, BY44, TRUE))*100 -> 6.1825528 | CA44: =IF(BZ44<=5, 100, IF(BZ44<=15, 85, IF(BZ44<=35, 70, IF(BZ44<=60, 55, IF(BZ44<=90, 40, 25))))) -> 85 | CB44: =CA44*0.02 -> 1.7 | CC44: =(M44/N44)*100 -> 22.954966 | CD44: =IF((100-(75*(CC44-1)/(200-1)))>100, 100, IF((100-(75*(CC44-1)/(200-1)))<25, 25, (100-(75*(CC44-1)/(200-1))))) -> 91.725515 | CE44: =CD44*0.015 -> 1.3758827 | CF44: 평가제외 | CG44: 평가제외 | CH44: 평가제외 | CI44: 평가제외 | CK44: A+ | CL44: C | CM44: =IF(CL44="A", 100, IF(CL44="B", 85, IF(CL44="C", 70, IF(CL44="D", 55, IF(CL44="E", 40, 25))))) -> 70 | CN44: =CM44*0.015 -> 1.05 | CO44: 6551000 | CP44: =(CO44/N44)*100 -> 0.37600689 | CQ44: =IF(CP44<3, 100, IF(CP44<10, 80, IF(CP44<35, 60, IF(CP44<100, 40, IF(CP44>=100, 20))))) -> 100 | CR44: =CQ44*0.03 -> 3 | CS44: =_xlfn.XLOOKUP(C44, '1-1. 관계사체무보증금액 (환율 등)'!$3:$3, '1-1. 관계사체무보증금액 (환율 등)'!$33:$33) -> 0 | CT44: =(CS44/N44)*100 -> 0 | CU44: =IF(CT44<3, 100, IF(CT44<10, 80, IF(CT44<35, 60, IF(CT44<100, 40, 20)))) -> 100 | CV44: =CU44*0.02 -> 2 | CW44: =AE44+AJ44+AQ44+AX44+BD44+BN44+BR44+CB44+CE44+CJ44+CN44+CR44+CV44 -> 21.559579
A45: SK이노베이션 | B45: https://dart.fss.or.kr/dsaf001/main.do?rcpNo=20230322000906 | C45: 096770 | D45: 금속/비금속/화학업 | E45: 석유 정제품 제조업 | F45: 석유정제,석유화학제품,윤활유제품,아스팔트제품,의약중간체 제조,판매,유전개발,대체에너지사업 | G45: 39288 | H45: 12월 | I45: 김준 | J45: http://www.SKinnovation.com | K45: 서울특별시 | L45: 19550742827 | M45: 3581307796 | N45: 15969435031 | O45: 1983533544 | P45: 611371885 | Q45: 602096059 | R45: 453183233 | S45: 92465564 | T45: 8246029 | U45: 31223509 | V45: =8088 -> 8088 | W45: =2634+583+60+385+463+362+496+188+1515+102+145+102+95+140+135+60+140+60*17+70+943+161+145+167+211+145+140+470+67+262+150+2145+60*5+2694+60*4+1962+60*10+66+277+65+60+140+115+161 -> 20381 | X45: 0 | Z45: 0 | AA45: 0 | AB45: =SUM(U45,V45,Z45,W45,X45) -> 31251978 | AC45: =(AB45/S45)*100 -> 33.798505 | AD45: =100-(75*(AC45-0.1))/(87-0.1) -> 70.916135 | AE45: =AD45*0.03 -> 2.1274841 | AF45: =(U45+V45)/(S45-T45-AA45)*100 -> 37.083554 | AG45: =(U45+V45+Z45+W45+X45-AA45)/(S45-T45-AA45)*100 -> 37.107754 | AH45: =AG45-AF45 -> 0.024199849 | AI45: =IF(AH45<10, 100, IF(AH45<30, 80, IF(AH45<50, 60, IF(AH45<80, 40, IF(AH45<=100, 20))))) -> 100 | AJ45: =AI45*0.04 -> 4 | AK45: 7 | AL45: 57 | AM45: 1 | AN45: =SUM(AK45:AL45) -> 64 | AO45: =(AM45/AN45)*100 -> 1.5625 | AP45: =IF(AO45<10, 100, IF(AO45<20, 80, IF(AO45<30, 60, IF(AO45<50, 40, IF(AO45>=50, 20))))) -> 100 | AQ45: =AP45*0.02 -> 2 | AR45: 5 | AS45: =IF(L45>=2000000000, 0.5, IF(L45<2000000000, 0.25)) -> 0.5 | AT45: =AK45*AS45 -> 3.5 | AU45: =ROUNDDOWN(AT45,0) -> 3 | AV45: =(AR45-AU45)/AK45*100 -> 28.571429 | AW45: =IF(AV45<0, 20, IF(AV45=0, 40, IF(AV45<20, 60, IF(AV45<40, 80, IF(AV45>=40, 100))))) -> 80 | AX45: =AW45*0.01 -> 0.8 | AY45: 14 | AZ45: =3*3+5*11-1 -> 63 | BA45: =AR45*AY45 -> 70 | BB45: =(AZ45/BA45)*100 -> 90 | BC45: =IF(BB45<70, 25, IF(BB45<80, 50, IF(BB45<90, 75, IF(BB45>=90, 100)))) -> 100 | BD45: =BC45*0.01 -> 1 | BE45: 58081000 | BF45: 10531000 | BG45: 0 | BH45: =SUM(BE45:BF45) -> 68612000 | BI45: =(BG45/BH45)*100 -> 0 | BJ45: =IF(D45="금융업(보험)", "금융업", IF(D45="금융업(증권)", "금융업", IF(D45="금융업(종금)", "금융업", D45))) -> 금속/비금속/화학업 | BK45: =AVERAGEIF(BJ:BJ, BJ45, BI:BI) -> 3.9534119 | BL45: =BI45-BK45 -> -3.9534119 | BM45: =IF(BL45<-2, 100, IF(BL45<0, 80, IF(BL45<2, 60, IF(BL45<10, 40, 20)))) -> 100 | BN45: =BM45*0.02 -> 2 | BO45: 417652000 | BP45: =(BO45/O45)*100 -> 21.055959 | BQ45: =IF(BP45=0, 25, IF(BP45<0.1, 40, IF(BP45<0.5, 55, IF(BP45<2, 70, IF(BP45<4, 85, IF(BP45>=4, 100)))))) -> 100 | BR45: =BQ45*0.02 -> 2 | BS45: 73324482 | BT45: 5546272 | BU45: =BS45-BT45 -> 67778210 | BV45: =BU45/O45*100 -> 3.4170438 | BW45: =AVERAGEIF(BJ:BJ, BJ45, BV:BV) -> 5.1474159 | BX45: =(BV45-BW45)^2 -> 2.9941875 | BY45: =SQRT(SUMIF(BJ:BJ, BJ45, BX:BX)/COUNTIF(BJ:BJ, BJ45)) -> 6.6930499 | BZ45: =(1-_xlfn.NORM.DIST(BV45, BW45, BY45, TRUE))*100 -> 60.200208 | CA45: =IF(BZ45<=5, 100, IF(BZ45<=15, 85, IF(BZ45<=35, 70, IF(BZ45<=60, 55, IF(BZ45<=90, 40, 25))))) -> 40 | CB45: =CA45*0.02 -> 0.8 | CC45: =(M45/N45)*100 -> 22.426014 | CD45: =IF((100-(75*(CC45-1)/(200-1)))>100, 100, IF((100-(75*(CC45-1)/(200-1)))<25, 25, (100-(75*(CC45-1)/(200-1))))) -> 91.924869 | CE45: =CD45*0.015 -> 1.378873 | CF45: 평가제외 | CG45: 평가제외 | CH45: 평가제외 | CI45: 평가제외 | CK45: AA | CL45: B | CM45: =IF(CL45="A", 100, IF(CL45="B", 85, IF(CL45="C", 70, IF(CL45="D", 55, IF(CL45="E", 40, 25))))) -> 85 | CN45: =CM45*0.015 -> 1.275 | CO45: 9645044000 | CP45: =(CO45/N45)*100 -> 60.396902 | CQ45: =IF(CP45<3, 100, IF(CP45<10, 80, IF(CP45<35, 60, IF(CP45<100, 40, IF(CP45>=100, 20))))) -> 40 | CR45: =CQ45*0.03 -> 1.2 | CS45: =_xlfn.XLOOKUP(C45, '1-1. 관계사체무보증금액 (환율 등)'!$3:$3, '1-1. 관계사체무보증금액 (환율 등)'!$33:$33) -> 17638812000 | CT45: =(CS45/N45)*100 -> 110.45358 | CU45: =IF(CT45<3, 100, IF(CT45<10, 80, IF(CT45<35, 60, IF(CT45<100, 40, 20)))) -> 20 | CV45: =CU45*0.02 -> 0.4 | CW45: =AE45+AJ45+AQ45+AX45+BD45+BN45+BR45+CB45+CE45+CJ45+CN45+CR45+CV45 -> 18.981357
A46: SK증권 | B46: https://dart.fss.or.kr/dsaf001/main.do?rcpNo=20230324000127 | C46: 001510 | D46: 금융업(증권) | E46: 금융 지원 서비스업 | F46: 증권업,부동산 임대 | G46: 31675 | H46: 12월 | I46: 김신, 전우종 | J46: http://www.sks.co.kr | K46: 서울특별시 | L46: 5612706908 | M46: 5005166436 | N46: 607540471 | O46: 1137658845 | P46: 12048913 | Q46: 5565314 | R46: 4440548 | S46: 472590171 | T46: 58683968 | U46: 92609439 | V46: 0 | W46: =16548+240+238+176+228+204+217+2000+176+43770 -> 63797 | X46: 0 | Z46: 0 | AA46: 0 | AB46: =SUM(U46,V46,Z46,W46,X46) -> 92673236 | AC46: =(AB46/S46)*100 -> 19.609641 | AD46: =100-(75*(AC46-0.1))/(87-0.1) -> 83.16199 | AE46: =AD46*0.04 -> 3.3264796 | AF46: =(U46+V46)/(S46-T46-AA46)*100 -> 22.374499 | AG46: =(U46+V46+Z46+W46+X46-AA46)/(S46-T46-AA46)*100 -> 22.389912 | AH46: =AG46-AF46 -> 0.015413395 | AI46: =IF(AH46<10, 100, IF(AH46<30, 80, IF(AH46<50, 60, IF(AH46<80, 40, IF(AH46<=100, 20))))) -> 100 | AJ46: =AI46*0.05 -> 5 | AK46: 8 | AL46: 98 | AM46: 0 | AN46: =SUM(AK46:AL46) -> 106 | AO46: =(AM46/AN46)*100 -> 0 | AP46: =IF(AO46<10, 100, IF(AO46<20, 80, IF(AO46<30, 60, IF(AO46<50, 40, IF(AO46>=50, 20))))) -> 100 | AQ46: =AP46*0.03 -> 3 | AR46: 5 | AS46: =IF(L46>=2000000000, 0.5, IF(L46<2000000000, 0.25)) -> 0.5 | AT46: =AK46*AS46 -> 4 | AU46: =ROUNDDOWN(AT46,0) -> 4 | AV46: =(AR46-AU46)/AK46*100 -> 12.5 | AW46: =IF(AV46<0, 20, IF(AV46=0, 40, IF(AV46<20, 60, IF(AV46<40, 80, IF(AV46>=40, 100))))) -> 60 | AX46: =AW46*0.02 -> 1.2 | AY46: 9 | AZ46: 45 | BA46: =AR46*AY46 -> 45 | BB46: =(AZ46/BA46)*100 -> 100 | BC46: =IF(BB46<70, 25, IF(BB46<80, 50, IF(BB46<90, 75, IF(BB46>=90, 100)))) -> 100 | BD46: =BC46*0.02 -> 2 | BE46: 105515000 | BF46: 11294000 | BG46: 7385000 | BH46: =SUM(BE46:BF46) -> 116809000 | BI46: =(BG46/BH46)*100 -> 6.3222868 | BJ46: =IF(D46="금융업(보험)", "금융업", IF(D46="금융업(증권)", "금융업", IF(D46="금융업(종금)", "금융업", D46))) -> 금융업 | BK46: =AVERAGEIF(BJ:BJ, BJ46, BI:BI) -> 2.7106886 | BL46: =BI46-BK46 -> 3.6115982 | BM46: =IF(BL46<-2, 100, IF(BL46<0, 80, IF(BL46<2, 60, IF(BL46<10, 40, 20)))) -> 40 | BN46: =BM46*0.02 -> 0.8 | BO46: 0 | BP46: =(BO46/O46)*100 -> 0 | BQ46: =IF(BP46=0, 25, IF(BP46<0.1, 40, IF(BP46<0.5, 55, IF(BP46<2, 70, IF(BP46<4, 85, IF(BP46>=4, 100)))))) -> 25 | BR46: =BQ46*0.01 -> 0.25 | BS46: 7734953.2 | BT46: 27948.984 | BU46: =BS46-BT46 -> 7707004.3 | BV46: =BU46/O46*100 -> 0.67744424 | BW46: =AVERAGEIF(BJ:BJ, BJ46, BV:BV) -> 0.39407896 | BX46: =(BV46-BW46)^2 -> 0.080295877 | BY46: =SQRT(SUMIF(BJ:BJ, BJ46, BX:BX)/COUNTIF(BJ:BJ, BJ46)) -> 1.5698938 | BZ46: =(1-_xlfn.NORM.DIST(BV46, BW46, BY46, TRUE))*100 -> 42.838017 | CA46: =IF(BZ46<=5, 100, IF(BZ46<=15, 85, IF(BZ46<=35, 70, IF(BZ46<=60, 55, IF(BZ46<=90, 40, 25))))) -> 55 | CB46: =CA46*0.02 -> 1.1 | CC46: 평가대상 제외 | CD46: 평가대상 제외 | CF46: 해당없음 | CG46: 4.41 | CH46: 해당없음 | CI46: =IF((100-(75*(CG46-1)/9))>100,100,IF((100-(75*(CG46-1)/9))<25,25,(100-(75*(CG46-1)/9)))) -> 71.583333 | CJ46: =CI46*0.04 -> 2.8633333 | CK46: A, A- | CL46: D | CM46: =IF(CL46="A", 100, IF(CL46="B", 85, IF(CL46="C", 70, IF(CL46="D", 55, IF(CL46="E", 40, 25))))) -> 55 | CN46: =CM46*0.03 -> 1.65 | CO46: 264955000 | CP46: =(CO46/N46)*100 -> 43.611086 | CQ46: =IF(CP46<3, 100, IF(CP46<10, 80, IF(CP46<35, 60, IF(CP46<100, 40, IF(CP46>=100, 20))))) -> 40 | CR46: =CQ46*0.04 -> 1.6 | CS46: =_xlfn.XLOOKUP(C46, '1-1. 관계사체무보증금액 (환율 등)'!$3:$3, '1-1. 관계사체무보증금액 (환율 등)'!$33:$33) -> 0 | CT46: =(CS46/N46)*100 -> 0 | CU46: =IF(CT46<3, 100, IF(CT46<10, 80, IF(CT46<35, 60, IF(CT46<100, 40, 20)))) -> 100 | CV46: =CU46*0.03 -> 3 | CW46: =AE46+AJ46+AQ46+AX46+BD46+BN46+BR46+CB46+CE46+CJ46+CN46+CR46+CV46 -> 25.789813
A47: SK케미칼 | B47: https://dart.fss.or.kr/dsaf001/main.do?rcpNo=20230320000964 | C47: 285130 | D47: 금속/비금속/화학업 | E47: 합성고무 및 플라스틱 물질 제조업 | F47: PETG 수지, PET 수지, 바이오디젤, 백신 | G47: 43105 | H47: 12월 | I47: 김철, 안재현 | J47: http://www.skchemicals.com | K47: 경기도 | L47: 1810477193 | M47: 690879147 | N47: 1119598046 | O47: 1256030179 | P47: 107526937 | Q47: 88400704 | R47: 69270430 | S47: 17253783 | T47: 30857 | U47: 7056899 | V47: =12177+37359+62389 -> 111925 | W47: =3000+775+1164+1024+477+90+17+317+327 -> 7191 | X47: 186808 | Y47: 한국고등교육재단 | Z47: 0 | AA47: 0 | AB47: =SUM(U47,V47,Z47,W47,X47) -> 7362823 | AC47: =(AB47/S47)*100 -> 42.673673 | AD47: =100-(75*(AC47-0.1))/(87-0.1) -> 63.256323 | AE47: =AD47*0.03 -> 1.8976897 | AF47: =(U47+V47)/(S47-T47-AA47)*100 -> 41.623729 | AG47: =(U47+V47+Z47+W47+X47-AA47)/(S47-T47-AA47)*100 -> 42.750129 | AH47: =AG47-AF47 -> 1.1263998 | AI47: =IF(AH47<10, 100, IF(AH47<30, 80, IF(AH47<50, 60, IF(AH47<80, 40, IF(AH47<=100, 20))))) -> 100 | AJ47: =AI47*0.04 -> 4 | AK47: 7 | AL47: 26 | AM47: 0 | AN47: =SUM(AK47:AL47) -> 33 | AO47: =(AM47/AN47)*100 -> 0 | AP47: =IF(AO47<10, 100, IF(AO47<20, 80, IF(AO47<30, 60, IF(AO47<50, 40, IF(AO47>=50, 20))))) -> 100 | AQ47: =AP47*0.02 -> 2 | AR47: 4 | AS47: =IF(L47>=2000000000, 0.5, IF(L47<2000000000, 0.25)) -> 0.25 | AT47: =AK47*AS47 -> 1.75 | AU47: =ROUNDDOWN(AT47,0) -> 1 | AV47: =(AR47-AU47)/AK47*100 -> 42.857143 | AW47: =IF(AV47<0, 20, IF(AV47=0, 40, IF(AV47<20, 60, IF(AV47<40, 80, IF(AV47>=40, 100))))) -> 100 | AX47: =AW47*0.01 -> 1 | AY47: 16 | AZ47: =16*4 -> 64 | BA47: =AR47*AY47 -> 64 | BB47: =(AZ47/BA47)*100 -> 100 | BC47: =IF(BB47<70, 25, IF(BB47<80, 50, IF(BB47<90, 75, IF(BB47>=90, 100)))) -> 100 | BD47: =BC47*0.01 -> 1 | BE47: 60629194 | BF47: 4824961 | BG47: 1093949 | BH47: =SUM(BE47:BF47) -> 65454155 | BI47: =(BG47/BH47)*100 -> 1.6713209 | BJ47: =IF(D47="금융업(보험)", "금융업", IF(D47="금융업(증권)", "금융업", IF(D47="금융업(종금)", "금융업", D47))) -> 금속/비금속/화학업 | BK47: =AVERAGEIF(BJ:BJ, BJ47, BI:BI) -> 3.9534119 | BL47: =BI47-BK47 -> -2.2820909 | BM47: =IF(BL47<-2, 100, IF(BL47<0, 80, IF(BL47<2, 60, IF(BL47<10, 40, 20)))) -> 100 | BN47: =BM47*0.02 -> 2 | BO47: 42267000 | BP47: =(BO47/O47)*100 -> 3.3651261 | BQ47: =IF(BP47=0, 25, IF(BP47<0.1, 40, IF(BP47<0.5, 55, IF(BP47<2, 70, IF(BP47<4, 85, IF(BP47>=4, 100)))))) -> 85 | BR47: =BQ47*0.02 -> 1.7 | BS47: 61770720 | BT47: 1306234.5 | BU47: =BS47-BT47 -> 60464486 | BV47: =BU47/O47*100 -> 4.8139357 | BW47: =AVERAGEIF(BJ:BJ, BJ47, BV:BV) -> 5.1474159 | BX47: =(BV47-BW47)^2 -> 0.11120899 | BY47: =SQRT(SUMIF(BJ:BJ, BJ47, BX:BX)/COUNTIF(BJ:BJ, BJ47)) -> 6.6930499 | BZ47: =(1-_xlfn.NORM.DIST(BV47, BW47, BY47, TRUE))*100 -> 51.986901 | CA47: =IF(BZ47<=5, 100, IF(BZ47<=15, 85, IF(BZ47<=35, 70, IF(BZ47<=60, 55, IF(BZ47<=90, 40, 25))))) -> 55 | CB47: =CA47*0.02 -> 1.1 | CC47: =(M47/N47)*100 -> 61.707784 | CD47: =IF((100-(75*(CC47-1)/(200-1)))>100, 100, IF((100-(75*(CC47-1)/(200-1)))<25, 25, (100-(75*(CC47-1)/(200-1))))) -> 77.120182 | CE47: =CD47*0.015 -> 1.1568027 | CF47: 평가제외 | CG47: 평가제외 | CH47: 평가제외 | CI47: 평가제외 | CK47: A+ | CL47: C | CM47: =IF(CL47="A", 100, IF(CL47="B", 85, IF(CL47="C", 70, IF(CL47="D", 55, IF(CL47="E", 40, 25))))) -> 70 | CN47: =CM47*0.015 -> 1.05 | CO47: =439018000-3369000-1000000-1500000-3000000-2712000-25128000-7700000-4892000 -> 389717000 | CP47: =(CO47/N47)*100 -> 34.808653 | CQ47: =IF(CP47<3, 100, IF(CP47<10, 80, IF(CP47<35, 60, IF(CP47<100, 40, IF(CP47>=100, 20))))) -> 60 | CR47: =CQ47*0.03 -> 1.8 | CS47: =_xlfn.XLOOKUP(C47, '1-1. 관계사체무보증금액 (환율 등)'!$3:$3, '1-1. 관계사체무보증금액 (환율 등)'!$33:$33) -> 48642504 | CT47: =(CS47/N47)*100 -> 4.34464 | CU47: =IF(CT47<3, 100, IF(CT47<10, 80, IF(CT47<35, 60, IF(CT47<100, 40, 20)))) -> 80 | CV47: =CU47*0.02 -> 1.6 | CW47: =AE47+AJ47+AQ47+AX47+BD47+BN47+BR47+CB47+CE47+CJ47+CN47+CR47+CV47 -> 20.304492
A48: SK텔레콤 | B48: https://dart.fss.or.kr/dsaf001/main.do?rcpNo=20230320000235 | C48: 017670 | D48: 비제조/서비스업 | E48: 전기 통신업 | F48: 이동전화,무선호출서비스,부가통신 | G48: 32819 | H48: 12월 | I48: 유영상 | J48: http://www.sktelecom.com | K48: 서울특별시 | L48: 26432121000 | M48: 16048739000 | N48: 10383382000 | O48: 12414588000 | P48: 1321131000 | Q48: 1146250000 | R48: 869490000 | S48: 218833144 | T48: 801091 | U48: =65668397+303 -> 65668700 | V48: 0 | W48: =762+21530+7340+1711+1447*4+455+2733+3484 -> 43803 | X48: 0 | Z48: 0 | AA48: 0 | AB48: =SUM(U48,V48,Z48,W48,X48) -> 65712503 | AC48: =(AB48/S48)*100 -> 30.028588 | AD48: =100-(75*(AC48-0.1))/(87-0.1) -> 74.169803 | AE48: =AD48*0.03 -> 2.2250941 | AF48: =(U48+V48)/(S48-T48-AA48)*100 -> 30.118828 | AG48: =(U48+V48+Z48+W48+X48-AA48)/(S48-T48-AA48)*100 -> 30.138919 | AH48: =AG48-AF48 -> 0.020090165 | AI48: =IF(AH48<10, 100, IF(AH48<30, 80, IF(AH48<50, 60, IF(AH48<80, 40, IF(AH48<=100, 20))))) -> 100 | AJ48: =AI48*0.04 -> 4 | AK48: 8 | AL48: 99 | AM48: 1 | AN48: =SUM(AK48:AL48) -> 107 | AO48: =(AM48/AN48)*100 -> 0.93457944 | AP48: =IF(AO48<10, 100, IF(AO48<20, 80, IF(AO48<30, 60, IF(AO48<50, 40, IF(AO48>=50, 20))))) -> 100 | AQ48: =AP48*0.02 -> 2 | AR48: 5 | AS48: =IF(L48>=2000000000, 0.5, IF(L48<2000000000, 0.25)) -> 0.5 | AT48: =AK48*AS48 -> 4 | AU48: =ROUNDDOWN(AT48,0) -> 4 | AV48: =(AR48-AU48)/AK48*100 -> 12.5 | AW48: =IF(AV48<0, 20, IF(AV48=0, 40, IF(AV48<20, 60, IF(AV48<40, 80, IF(AV48>=40, 100))))) -> 60 | AX48: =AW48*0.01 -> 0.6 | AY48: 13 | AZ48: =13*5 -> 65 | BA48: =AR48*AY48 -> 65 | BB48: =(AZ48/BA48)*100 -> 100 | BC48: =IF(BB48<70, 25, IF(BB48<80, 50, IF(BB48<90, 75, IF(BB48>=90, 100)))) -> 100 | BD48: =BC48*0.01 -> 1 | BE48: 992964000 | BF48: 28932000 | BG48: 0 | BH48: =SUM(BE48:BF48) -> 1021896000 | BI48: =(BG48/BH48)*100 -> 0 | BJ48: =IF(D48="금융업(보험)", "금융업", IF(D48="금융업(증권)", "금융업", IF(D48="금융업(종금)", "금융업", D48))) -> 비제조/서비스업 | BK48: =AVERAGEIF(BJ:BJ, BJ48, BI:BI) -> 1.7464435 | BL48: =BI48-BK48 -> -1.7464435 | BM48: =IF(BL48<-2, 100, IF(BL48<0, 80, IF(BL48<2, 60, IF(BL48<10, 40, 20)))) -> 80 | BN48: =BM48*0.02 -> 1.6 | BO48: 374360000 | BP48: =(BO48/O48)*100 -> 3.0154847 | BQ48: =IF(BP48=0, 25, IF(BP48<0.1, 40, IF(BP48<0.5, 55, IF(BP48<2, 70, IF(BP48<4, 85, IF(BP48>=4, 100)))))) -> 85 | BR48: =BQ48*0.02 -> 1.7 | BS48: 2074860000 | BT48: 12795000 | BU48: =BS48-BT48 -> 2062065000 | BV48: =BU48/O48*100 -> 16.610016 | BW48: =AVERAGEIF(BJ:BJ, BJ48, BV:BV) -> 2.8482825 | BX48: =(BV48-BW48)^2 -> 189.3853 | BY48: =SQRT(SUMIF(BJ:BJ, BJ48, BX:BX)/COUNTIF(BJ:BJ, BJ48)) -> 5.5697596 | BZ48: =(1-_xlfn.NORM.DIST(BV48, BW48, BY48, TRUE))*100 -> 0.67406575 | CA48: =IF(BZ48<=5, 100, IF(BZ48<=15, 85, IF(BZ48<=35, 70, IF(BZ48<=60, 55, IF(BZ48<=90, 40, 25))))) -> 100 | CB48: =CA48*0.02 -> 2 | CC48: =(M48/N48)*100 -> 154.56177 | CD48: =IF((100-(75*(CC48-1)/(200-1)))>100, 100, IF((100-(75*(CC48-1)/(200-1)))<25, 25, (100-(75*(CC48-1)/(200-1))))) -> 42.124961 | CE48: =CD48*0.015 -> 0.63187442 | CF48: 평가제외 | CG48: 평가제외 | CH48: 평가제외 | CI48: 평가제외 | CK48: AAA | CL48: A | CM48: =IF(CL48="A", 100, IF(CL48="B", 85, IF(CL48="C", 70, IF(CL48="D", 55, IF(CL48="E", 40, 25))))) -> 100 | CN48: =CM48*0.015 -> 1.5 | CO48: 3786536000 | CP48: =(CO48/N48)*100 -> 36.46727 | CQ48: =IF(CP48<3, 100, IF(CP48<10, 80, IF(CP48<35, 60, IF(CP48<100, 40, IF(CP48>=100, 20))))) -> 40 | CR48: =CQ48*0.03 -> 1.2 | CS48: =_xlfn.XLOOKUP(C48, '1-1. 관계사체무보증금액 (환율 등)'!$3:$3, '1-1. 관계사체무보증금액 (환율 등)'!$33:$33) -> 38705000 | CT48: =(CS48/N48)*100 -> 0.37275909 | CU48: =IF(CT48<3, 100, IF(CT48<10, 80, IF(CT48<35, 60, IF(CT48<100, 40, 20)))) -> 100 | CV48: =CU48*0.02 -> 2 | CW48: =AE48+AJ48+AQ48+AX48+BD48+BN48+BR48+CB48+CE48+CJ48+CN48+CR48+CV48 -> 20.456969
A49: SK하이닉스 | B49: https://dart.fss.or.kr/dsaf001/main.do?rcpNo=20230321001209 | C49: 000660 | D49: 전기전자/기계업 | E49: 반도체 제조업 | F49: 반도체,컴퓨터,통신기기 제조,도매 | G49: 35425 | H49: 12월 | I49: 박정호, 곽노정 (각자대표) | J49: http://www.skhynix.com | K49: 경기도 | L49: 91800233000 | M49: 31637411000 | N49: 60162822000 | O49: 37878699000 | P49: 7660947000 | Q49: 4467040000 | R49: 2790457000 | S49: 728002365 | T49: 40351325 | U49: 146100000 | V49: 0 | W49: =18023+2211+1000+920+785+650+785+650*2 -> 25674 | X49: 0 | Z49: 0 | AA49: 0 | AB49: =SUM(U49,V49,Z49,W49,X49) -> 146125674 | AC49: =(AB49/S49)*100 -> 20.072143 | AD49: =100-(75*(AC49-0.1))/(87-0.1) -> 82.762823 | AE49: =AD49*0.03 -> 2.4828847 | AF49: =(U49+V49)/(S49-T49-AA49)*100 -> 21.246241 | AG49: =(U49+V49+Z49+W49+X49-AA49)/(S49-T49-AA49)*100 -> 21.249975 | AH49: =AG49-AF49 -> 0.0037335798 | AI49: =IF(AH49<10, 100, IF(AH49<30, 80, IF(AH49<50, 60, IF(AH49<80, 40, IF(AH49<=100, 20))))) -> 100 | AJ49: =AI49*0.04 -> 4 | AK49: 9 | AL49: 188 | AM49: 1 | AN49: =SUM(AK49:AL49) -> 197 | AO49: =(AM49/AN49)*100 -> 0.50761421 | AP49: =IF(AO49<10, 100, IF(AO49<20, 80, IF(AO49<30, 60, IF(AO49<50, 40, IF(AO49>=50, 20))))) -> 100 | AQ49: =AP49*0.02 -> 2 | AR49: 6 | AS49: =IF(L49>=2000000000, 0.5, IF(L49<2000000000, 0.25)) -> 0.5 | AT49: =AK49*AS49 -> 4.5 | AU49: =ROUNDDOWN(AT49,0) -> 4 | AV49: =(AR49-AU49)/AK49*100 -> 22.222222 | AW49: =IF(AV49<0, 20, IF(AV49=0, 40, IF(AV49<20, 60, IF(AV49<40, 80, IF(AV49>=40, 100))))) -> 80 | AX49: =AW49*0.01 -> 0.8 | AY49: 11 | AZ49: 66 | BA49: =AR49*AY49 -> 66 | BB49: =(AZ49/BA49)*100 -> 100 | BC49: =IF(BB49<70, 25, IF(BB49<80, 50, IF(BB49<90, 75, IF(BB49>=90, 100)))) -> 100 | BD49: =BC49*0.01 -> 1 | BE49: 560673000 | BF49: 37151000 | BG49: 0 | BH49: =SUM(BE49:BF49) -> 597824000 | BI49: =(BG49/BH49)*100 -> 0 | BJ49: =IF(D49="금융업(보험)", "금융업", IF(D49="금융업(증권)", "금융업", IF(D49="금융업(종금)", "금융업", D49))) -> 전기전자/기계업 | BK49: =AVERAGEIF(BJ:BJ, BJ49, BI:BI) -> 2.409645 | BL49: =BI49-BK49 -> -2.409645 | BM49: =IF(BL49<-2, 100, IF(BL49<0, 80, IF(BL49<2, 60, IF(BL49<10, 40, 20)))) -> 100 | BN49: =BM49*0.02 -> 2 | BO49: 4905334000 | BP49: =(BO49/O49)*100 -> 12.950112 | BQ49: =IF(BP49=0, 25, IF(BP49<0.1, 40, IF(BP49<0.5, 55, IF(BP49<2, 70, IF(BP49<4, 85, IF(BP49>=4, 100)))))) -> 100 | BR49: =BQ49*0.02 -> 2 | BS49: 15585906000 | BT49: 231593000 | BU49: =BS49-BT49 -> 15354313000 | BV49: =BU49/O49*100 -> 40.535481 | BW49: =AVERAGEIF(BJ:BJ, BJ49, BV:BV) -> 5.2309968 | BX49: =(BV49-BW49)^2 -> 1246.4066 | BY49: =SQRT(SUMIF(BJ:BJ, BJ49, BX:BX)/COUNTIF(BJ:BJ, BJ49)) -> 7.0695458 | BZ49: =(1-_xlfn.NORM.DIST(BV49, BW49, BY49, TRUE))*100 -> 2.9588627e-05 | CA49: =IF(BZ49<=5, 100, IF(BZ49<=15, 85, IF(BZ49<=35, 70, IF(BZ49<=60, 55, IF(BZ49<=90, 40, 25))))) -> 100 | CB49: =CA49*0.02 -> 2 | CC49: =(M49/N49)*100 -> 52.586315 | CD49: =IF((100-(75*(CC49-1)/(200-1)))>100, 100, IF((100-(75*(CC49-1)/(200-1)))<25, 25, (100-(75*(CC49-1)/(200-1))))) -> 80.557922 | CE49: =CD49*0.015 -> 1.2083688 | CF49: 평가제외 | CG49: 평가제외 | CH49: 평가제외 | CI49: 평가제외 | CK49: AA, BBB-, B | CL49: D | CM49: =IF(CL49="A", 100, IF(CL49="B", 85, IF(CL49="C", 70, IF(CL49="D", 55, IF(CL49="E", 40, 25))))) -> 55 | CN49: =CM49*0.015 -> 0.825 | CO49: 12966201000 | CP49: =(CO49/N49)*100 -> 21.55185 | CQ49: =IF(CP49<3, 100, IF(CP49<10, 80, IF(CP49<35, 60, IF(CP49<100, 40, IF(CP49>=100, 20))))) -> 60 | CR49: =CQ49*0.03 -> 1.8 | CS49: =_xlfn.XLOOKUP(C49, '1-1. 관계사체무보증금액 (환율 등)'!$3:$3, '1-1. 관계사체무보증금액 (환율 등)'!$33:$33) -> 3.413786e+08 | CT49: =(CS49/N49)*100 -> 0.56742451 | CU49: =IF(CT49<3, 100, IF(CT49<10, 80, IF(CT49<35, 60, IF(CT49<100, 40, 20)))) -> 100 | CV49: =CU49*0.02 -> 2 | CW49: =AE49+AJ49+AQ49+AX49+BD49+BN49+BR49+CB49+CE49+CJ49+CN49+CR49+CV49 -> 22.116254
A50: SNT다이내믹스 | B50: https://dart.fss.or.kr/dsaf001/main.do?rcpNo=20230220001625 | C50: 003570 | D50: 전기전자/기계업 | E50: 자동차 신품 부품 제조업 | F50: 자동차부품(동력전달장치 등),공작기계(CNC선반 등),사출성형기 제조 | G50: 27949 | H50: 12월 | I50: 박재석 | J50: http://www.hisntd.com | K50: 경상남도 | L50: 913694578 | M50: 256815975 | N50: 656878603 | O50: 320369756 | P50: 25070424 | Q50: 28857902 | R50: 22824949 | S50: 33252697 | T50: 10858846 | U50: 14055889 | V50: 0 | W50: 0 | X50: 1000000 | Y50: (재)운해장학재단 | Z50: 0 | AA50: 0 | AB50: =SUM(U50,V50,Z50,W50,X50) -> 15055889 | AC50: =(AB50/S50)*100 -> 45.277197 | AD50: =100-(75*(AC50-0.1))/(87-0.1) -> 61.009324 | AE50: =AD50*0.03 -> 1.8302797 | AF50: =(U50+V50)/(S50-T50-AA50)*100 -> 62.766734 | AG50: =(U50+V50+Z50+W50+X50-AA50)/(S50-T50-AA50)*100 -> 67.232246 | AH50: =AG50-AF50 -> 4.4655115 | AI50: =IF(AH50<10, 100, IF(AH50<30, 80, IF(AH50<50, 60, IF(AH50<80, 40, IF(AH50<=100, 20))))) -> 100 | AJ50: =AI50*0.04 -> 4 | AK50: 5 | AL50: 7 | AM50: 0 | AN50: =SUM(AK50:AL50) -> 12 | AO50: =(AM50/AN50)*100 -> 0 | AP50: =IF(AO50<10, 100, IF(AO50<20, 80, IF(AO50<30, 60, IF(AO50<50, 40, IF(AO50>=50, 20))))) -> 100 | AQ50: =AP50*0.02 -> 2 | AR50: 1 | AS50: =IF(L50>=2000000000, 0.5, IF(L50<2000000000, 0.25)) -> 0.25 | AT50: =AK50*AS50 -> 1.25 | AU50: =ROUNDDOWN(AT50,0) -> 1 | AV50: =(AR50-AU50)/AK50*100 -> 0 | AW50: =IF(AV50<0, 20, IF(AV50=0, 40, IF(AV50<20, 60, IF(AV50<40, 80, IF(AV50>=40, 100))))) -> 40 | AX50: =AW50*0.01 -> 0.4 | AY50: 14 | AZ50: 14 | BA50: =AR50*AY50 -> 14 | BB50: =(AZ50/BA50)*100 -> 100 | BC50: =IF(BB50<70, 25, IF(BB50<80, 50, IF(BB50<90, 75, IF(BB50>=90, 100)))) -> 100 | BD50: =BC50*0.01 -> 1 | BE50: 4807476 | BF50: 504311 | BG50: 265271 | BH50: =SUM(BE50:BF50) -> 5311787 | BI50: =(BG50/BH50)*100 -> 4.9940067 | BJ50: =IF(D50="금융업(보험)", "금융업", IF(D50="금융업(증권)", "금융업", IF(D50="금융업(종금)", "금융업", D50))) -> 전기전자/기계업 | BK50: =AVERAGEIF(BJ:BJ, BJ50, BI:BI) -> 2.409645 | BL50: =BI50-BK50 -> 2.5843618 | BM50: =IF(BL50<-2, 100, IF(BL50<0, 80, IF(BL50<2, 60, IF(BL50<10, 40, 20)))) -> 40 | BN50: =BM50*0.02 -> 0.8 | BO50: =(15635-12036)*1000 -> 3599000 | BP50: =(BO50/O50)*100 -> 1.1233894 | BQ50: =IF(BP50=0, 25, IF(BP50<0.1, 40, IF(BP50<0.5, 55, IF(BP50<2, 70, IF(BP50<4, 85, IF(BP50>=4, 100)))))) -> 70 | BR50: =BQ50*0.02 -> 1.4 | BS50: =(1023277480+2981858000+353669074+1907094578+292927164+1280559899)/1000 -> 7839386.2 | BT50: =(282473920+70227273+2295500)/1000 -> 354996.69 | BU50: =BS50-BT50 -> 7484389.5 | BV50: =BU50/O50*100 -> 2.3361723 | BW50: =AVERAGEIF(BJ:BJ, BJ50, BV:BV) -> 5.2309968 | BX50: =(BV50-BW50)^2 -> 8.380009 | BY50: =SQRT(SUMIF(BJ:BJ, BJ50, BX:BX)/COUNTIF(BJ:BJ, BJ50)) -> 7.0695458 | BZ50: =(1-_xlfn.NORM.DIST(BV50, BW50, BY50, TRUE))*100 -> 65.89056 | CA50: =IF(BZ50<=5, 100, IF(BZ50<=15, 85, IF(BZ50<=35, 70, IF(BZ50<=60, 55, IF(BZ50<=90, 40, 25))))) -> 40 | CB50: =CA50*0.02 -> 0.8 | CC50: =(M50/N50)*100 -> 39.096414 | CD50: =IF((100-(75*(CC50-1)/(200-1)))>100, 100, IF((100-(75*(CC50-1)/(200-1)))<25, 25, (100-(75*(CC50-1)/(200-1))))) -> 85.642055 | CE50: =CD50*0.015 -> 1.2846308 | CF50: 평가제외 | CG50: 평가제외 | CH50: 평가제외 | CI50: 평가제외 | CK50: A+ | CL50: C | CM50: =IF(CL50="A", 100, IF(CL50="B", 85, IF(CL50="C", 70, IF(CL50="D", 55, IF(CL50="E", 40, 25))))) -> 70 | CN50: =CM50*0.015 -> 1.05 | CO50: =10922000+10432000+13460000 -> 34814000 | CP50: =(CO50/N50)*100 -> 5.2999138 | CQ50: =IF(CP50<3, 100, IF(CP50<10, 80, IF(CP50<35, 60, IF(CP50<100, 40, IF(CP50>=100, 20))))) -> 80 | CR50: =CQ50*0.03 -> 2.4 | CS50: =_xlfn.XLOOKUP(C50, '1-1. 관계사체무보증금액 (환율 등)'!$3:$3, '1-1. 관계사체무보증금액 (환율 등)'!$33:$33) -> 3.9695858e+08 | CT50: =(CS50/N50)*100 -> 60.431041 | CU50: =IF(CT50<3, 100, IF(CT50<10, 80, IF(CT50<35, 60, IF(CT50<100, 40, 20)))) -> 40 | CV50: =CU50*0.02 -> 0.8 | CW50: =AE50+AJ50+AQ50+AX50+BD50+BN50+BR50+CB50+CE50+CJ50+CN50+CR50+CV50 -> 17.764911
A51: SNT모티브 | B51: https://dart.fss.or.kr/dsaf001/main.do?rcpNo=20230220001611 | C51: 064960 | D51: 전기전자/기계업 | E51: 자동차 신품 부품 제조업 | F51: 자동차부품(서스펜션모듈,전장품,속옵서버,에어백,트로틀바디,너클),방산품(총포) 제조,도매 | G51: 37326 | H51: 12월 | I51: 권형순 | J51: http://www.sntdaewoo.com | K51: 부산광역시 | L51: 1219422735 | M51: 343607691 | N51: 875815044 | O51: 1004821817 | P51: 113170594 | Q51: 122466158 | R51: 91032057 | S51: 14623136 | T51: 1393076 | U51: 5853873 | V51: 0 | W51: 0 | X51: 155521 | Y51: (재)운해장학재단 | Z51: 0 | AA51: 0 | AB51: =SUM(U51,V51,Z51,W51,X51) -> 6009394 | AC51: =(AB51/S51)*100 -> 41.095111 | AD51: =100-(75*(AC51-0.1))/(87-0.1) -> 64.618719 | AE51: =AD51*0.03 -> 1.9385616 | AF51: =(U51+V51)/(S51-T51-AA51)*100 -> 44.246761 | AG51: =(U51+V51+Z51+W51+X51-AA51)/(S51-T51-AA51)*100 -> 45.422273 | AH51: =AG51-AF51 -> 1.1755124 | AI51: =IF(AH51<10, 100, IF(AH51<30, 80, IF(AH51<50, 60, IF(AH51<80, 40, IF(AH51<=100, 20))))) -> 100 | AJ51: =AI51*0.04 -> 4 | AK51: 5 | AL51: 9 | AM51: 0 | AN51: =SUM(AK51:AL51) -> 14 | AO51: =(AM51/AN51)*100 -> 0 | AP51: =IF(AO51<10, 100, IF(AO51<20, 80, IF(AO51<30, 60, IF(AO51<50, 40, IF(AO51>=50, 20))))) -> 100 | AQ51: =AP51*0.02 -> 2 | AR51: 1 | AS51: =IF(L51>=2000000000, 0.5, IF(L51<2000000000, 0.25)) -> 0.25 | AT51: =AK51*AS51 -> 1.25 | AU51: =ROUNDDOWN(AT51,0) -> 1 | AV51: =(AR51-AU51)/AK51*100 -> 0 | AW51: =IF(AV51<0, 20, IF(AV51=0, 40, IF(AV51<20, 60, IF(AV51<40, 80, IF(AV51>=40, 100))))) -> 40 | AX51: =AW51*0.01 -> 0.4 | AY51: 11 | AZ51: 11 | BA51: =AR51*AY51 -> 11 | BB51: =(AZ51/BA51)*100 -> 100 | BC51: =IF(BB51<70, 25, IF(BB51<80, 50, IF(BB51<90, 75, IF(BB51>=90, 100)))) -> 100 | BD51: =BC51*0.01 -> 1 | BE51: 3912241 | BF51: 270735 | BG51: 388212 | BH51: =SUM(BE51:BF51) -> 4182976 | BI51: =(BG51/BH51)*100 -> 9.2807609 | BJ51: =IF(D51="금융업(보험)", "금융업", IF(D51="금융업(증권)", "금융업", IF(D51="금융업(종금)", "금융업", D51))) -> 전기전자/기계업 | BK51: =AVERAGEIF(BJ:BJ, BJ51, BI:BI) -> 2.409645 | BL51: =BI51-BK51 -> 6.8711159 | BM51: =IF(BL51<-2, 100, IF(BL51<0, 80, IF(BL51<2, 60, IF(BL51<10, 40, 20)))) -> 40 | BN51: =BM51*0.02 -> 0.8 | BO51: =(16245-492)*1000 -> 15753000 | BP51: =(BO51/O51)*100 -> 1.5677406 | BQ51: =IF(BP51=0, 25, IF(BP51<0.1, 40, IF(BP51<0.5, 55, IF(BP51<2, 70, IF(BP51<4, 85, IF(BP51>=4, 100)))))) -> 70 | BR51: =BQ51*0.02 -> 1.4 | BS51: 31097334 | BT51: 103495.58 | BU51: =BS51-BT51 -> 30993839 | BV51: =BU51/O51*100 -> 3.0845109 | BW51: =AVERAGEIF(BJ:BJ, BJ51, BV:BV) -> 5.2309968 | BX51: =(BV51-BW51)^2 -> 4.6074017 | BY51: =SQRT(SUMIF(BJ:BJ, BJ51, BX:BX)/COUNTIF(BJ:BJ, BJ51)) -> 7.0695458 | BZ51: =(1-_xlfn.NORM.DIST(BV51, BW51, BY51, TRUE))*100 -> 61.929293 | CA51: =IF(BZ51<=5, 100, IF(BZ51<=15, 85, IF(BZ51<=35, 70, IF(BZ51<=60, 55, IF(BZ51<=90, 40, 25))))) -> 40 | CB51: =CA51*0.02 -> 0.8 | CC51: =(M51/N51)*100 -> 39.232906 | CD51: =IF((100-(75*(CC51-1)/(200-1)))>100, 100, IF((100-(75*(CC51-1)/(200-1)))<25, 25, (100-(75*(CC51-1)/(200-1))))) -> 85.590613 | CE51: =CD51*0.015 -> 1.2838592 | CF51: 평가제외 | CG51: 평가제외 | CH51: 평가제외 | CI51: 평가제외 | CK51: AA- | CL51: C | CM51: =IF(CL51="A", 100, IF(CL51="B", 85, IF(CL51="C", 70, IF(CL51="D", 55, IF(CL51="E", 40, 25))))) -> 70 | CN51: =CM51*0.015 -> 1.05 | CO51: =554000+39000+39132000 -> 39725000 | CP51: =(CO51/N51)*100 -> 4.535775 | CQ51: =IF(CP51<3, 100, IF(CP51<10, 80, IF(CP51<35, 60, IF(CP51<100, 40, IF(CP51>=100, 20))))) -> 80 | CR51: =CQ51*0.03 -> 2.4 | CS51: =_xlfn.XLOOKUP(C51, '1-1. 관계사체무보증금액 (환율 등)'!$3:$3, '1-1. 관계사체무보증금액 (환율 등)'!$33:$33) -> 2.6477091e+08 | CT51: =(CS51/N51)*100 -> 30.231373 | CU51: =IF(CT51<3, 100, IF(CT51<10, 80, IF(CT51<35, 60, IF(CT51<100, 40, 20)))) -> 60 | CV51: =CU51*0.02 -> 1.2 | CW51: =AE51+AJ51+AQ51+AX51+BD51+BN51+BR51+CB51+CE51+CJ51+CN51+CR51+CV51 -> 18.272421
A52: 가온전선 | B52: https://dart.fss.or.kr/dsaf001/main.do?rcpNo=20230315001078 | C52: 000500 | D52: 전기전자/기계업 | E52: 절연선 및 케이블 제조업 | F52: 전력선,통신케이블 제조,도매,수출입 | G52: 31936 | H52: 12월 | I52: 정 현 | J52: http://www.gaoncable.com | K52: 경기도 | L52: 692740658 | M52: 395155324 | N52: 297585335 | O52: 1186678750 | P52: 24052569 | Q52: 10186256 | R52: 7026979 | S52: 6358926 | T52: 229298 | U52: 3021193 | V52: 0 | W52: 0 | X52: 0 | Z52: 0 | AA52: 0 | AB52: =SUM(U52,V52,Z52,W52,X52) -> 3021193 | AC52: =(AB52/S52)*100 -> 47.511058 | AD52: =100-(75*(AC52-0.1))/(87-0.1) -> 59.081366 | AE52: =AD52*0.03 -> 1.772441 | AF52: =(U52+V52)/(S52-T52-AA52)*100 -> 49.288358 | AG52: =(U52+V52+Z52+W52+X52-AA52)/(S52-T52-AA52)*100 -> 49.288358 | AH52: =AG52-AF52 -> 0 | AI52: =IF(AH52<10, 100, IF(AH52<30, 80, IF(AH52<50, 60, IF(AH52<80, 40, IF(AH52<=100, 20))))) -> 100 | AJ52: =AI52*0.04 -> 4 | AK52: 6 | AL52: 5 | AM52: 0 | AN52: =SUM(AK52:AL52) -> 11 | AO52: =(AM52/AN52)*100 -> 0 | AP52: =IF(AO52<10, 100, IF(AO52<20, 80, IF(AO52<30, 60, IF(AO52<50, 40, IF(AO52>=50, 20))))) -> 100 | AQ52: =AP52*0.02 -> 2 | AR52: 3 | AS52: =IF(L52>=2000000000, 0.5, IF(L52<2000000000, 0.25)) -> 0.25 | AT52: =AK52*AS52 -> 1.5 | AU52: =ROUNDDOWN(AT52,0) -> 1 | AV52: =(AR52-AU52)/AK52*100 -> 33.333333 | AW52: =IF(AV52<0, 20, IF(AV52=0, 40, IF(AV52<20, 60, IF(AV52<40, 80, IF(AV52>=40, 100))))) -> 80 | AX52: =AW52*0.01 -> 0.8 | AY52: 7 | AZ52: =21-1 -> 20 | BA52: =AR52*AY52 -> 21 | BB52: =(AZ52/BA52)*100 -> 95.238095 | BC52: =IF(BB52<70, 25, IF(BB52<80, 50, IF(BB52<90, 75, IF(BB52>=90, 100)))) -> 100 | BD52: =BC52*0.01 -> 1 | BE52: 13771619 | BF52: 1031272 | BG52: 1344018 | BH52: =SUM(BE52:BF52) -> 14802891 | BI52: =(BG52/BH52)*100 -> 9.0794291 | BJ52: =IF(D52="금융업(보험)", "금융업", IF(D52="금융업(증권)", "금융업", IF(D52="금융업(종금)", "금융업", D52))) -> 전기전자/기계업 | BK52: =AVERAGEIF(BJ:BJ, BJ52, BI:BI) -> 2.409645 | BL52: =BI52-BK52 -> 6.6697842 | BM52: =IF(BL52<-2, 100, IF(BL52<0, 80, IF(BL52<2, 60, IF(BL52<10, 40, 20)))) -> 40 | BN52: =BM52*0.02 -> 0.8 | BO52: 699279 | BP52: =(BO52/O52)*100 -> 0.058927406 | BQ52: =IF(BP52=0, 25, IF(BP52<0.1, 40, IF(BP52<0.5, 55, IF(BP52<2, 70, IF(BP52<4, 85, IF(BP52>=4, 100)))))) -> 40 | BR52: =BQ52*0.02 -> 0.8 | BS52: 5478447.8 | BT52: 27259.4 | BU52: =BS52-BT52 -> 5451188.4 | BV52: =BU52/O52*100 -> 0.45936513 | BW52: =AVERAGEIF(BJ:BJ, BJ52, BV:BV) -> 5.2309968 | BX52: =(BV52-BW52)^2 -> 22.768469 | BY52: =SQRT(SUMIF(BJ:BJ, BJ52, BX:BX)/COUNTIF(BJ:BJ, BJ52)) -> 7.0695458 | BZ52: =(1-_xlfn.NORM.DIST(BV52, BW52, BY52, TRUE))*100 -> 75.014811 | CA52: =IF(BZ52<=5, 100, IF(BZ52<=15, 85, IF(BZ52<=35, 70, IF(BZ52<=60, 55, IF(BZ52<=90, 40, 25))))) -> 40 | CB52: =CA52*0.02 -> 0.8 | CC52: =(M52/N52)*100 -> 132.78723 | CD52: =IF((100-(75*(CC52-1)/(200-1)))>100, 100, IF((100-(75*(CC52-1)/(200-1)))<25, 25, (100-(75*(CC52-1)/(200-1))))) -> 50.331446 | CE52: =CD52*0.015 -> 0.75497169 | CF52: 평가제외 | CG52: 평가제외 | CH52: 평가제외 | CI52: 평가제외 | CK52: A2, A | CL52: C | CM52: =IF(CL52="A", 100, IF(CL52="B", 85, IF(CL52="C", 70, IF(CL52="D", 55, IF(CL52="E", 40, 25))))) -> 70 | CN52: =CM52*0.015 -> 1.05 | CO52: =13983000+4201000+4927000 -> 23111000 | CP52: =(CO52/N52)*100 -> 7.7661757 | CQ52: =IF(CP52<3, 100, IF(CP52<10, 80, IF(CP52<35, 60, IF(CP52<100, 40, IF(CP52>=100, 20))))) -> 80 | CR52: =CQ52*0.03 -> 2.4 | CS52: =_xlfn.XLOOKUP(C52, '1-1. 관계사체무보증금액 (환율 등)'!$3:$3, '1-1. 관계사체무보증금액 (환율 등)'!$33:$33) -> 0 | CT52: =(CS52/N52)*100 -> 0 | CU52: =IF(CT52<3, 100, IF(CT52<10, 80, IF(CT52<35, 60, IF(CT52<100, 40, 20)))) -> 100 | CV52: =CU52*0.02 -> 2 | CW52: =AE52+AJ52+AQ52+AX52+BD52+BN52+BR52+CB52+CE52+CJ52+CN52+CR52+CV52 -> 18.177413
A53: 갤럭시아에스엠 | B53: https://dart.fss.or.kr/dsaf001/main.do?rcpNo=20230322000815 | C53: 011420 | D53: 비제조/서비스업 | E53: 스포츠 서비스업 | F53: 스포츠중계권,스포츠마케팅,광고 | G53: 32826 | H53: 12월 | I53: 이반석 | J53: http://galaxiasme.com | K53: 서울특별시 | L53: 57863012 | M53: 24529480 | N53: 33333532 | O53: 30093883 | P53: 4174665 | Q53: 4390397 | R53: 4613111 | S53: 27549644 | T53: 0 | U53: =6174916+3127161+241592 -> 9543669 | V53: 0 | W53: 1736111 | X53: 0 | Z53: 1736111 | AA53: 0 | AB53: =SUM(U53,V53,Z53,W53,X53) -> 13015891 | AC53: =(AB53/S53)*100 -> 47.245224 | AD53: =100-(75*(AC53-0.1))/(87-0.1) -> 59.310796 | AE53: =AD53*0.03 -> 1.7793239 | AF53: =(U53+V53)/(S53-T53-AA53)*100 -> 34.641714 | AG53: =(U53+V53+Z53+W53+X53-AA53)/(S53-T53-AA53)*100 -> 47.245224 | AH53: =AG53-AF53 -> 12.60351 | AI53: =IF(AH53<10, 100, IF(AH53<30, 80, IF(AH53<50, 60, IF(AH53<80, 40, IF(AH53<=100, 20))))) -> 80 | AJ53: =AI53*0.04 -> 3.2 | AK53: 5 | AL53: 1 | AM53: 0 | AN53: =SUM(AK53:AL53) -> 6 | AO53: =(AM53/AN53)*100 -> 0 | AP53: =IF(AO53<10, 100, IF(AO53<20, 80, IF(AO53<30, 60, IF(AO53<50, 40, IF(AO53>=50, 20))))) -> 100 | AQ53: =AP53*0.02 -> 2 | AR53: 1 | AS53: =IF(L53>=2000000000, 0.5, IF(L53<2000000000, 0.25)) -> 0.25 | AT53: =AK53*AS53 -> 1.25 | AU53: =ROUNDDOWN(AT53,0) -> 1 | AV53: =(AR53-AU53)/AK53*100 -> 0 | AW53: =IF(AV53<0, 20, IF(AV53=0, 40, IF(AV53<20, 60, IF(AV53<40, 80, IF(AV53>=40, 100))))) -> 40 | AX53: =AW53*0.01 -> 0.4 | AY53: 6 | AZ53: 6 | BA53: =AR53*AY53 -> 6 | BB53: =(AZ53/BA53)*100 -> 100 | BC53: =IF(BB53<70, 25, IF(BB53<80, 50, IF(BB53<90, 75, IF(BB53>=90, 100)))) -> 100 | BD53: =BC53*0.01 -> 1 | BE53: 1497944 | BF53: 70537 | BG53: 143168 | BH53: =SUM(BE53:BF53) -> 1568481 | BI53: =(BG53/BH53)*100 -> 9.1278122 | BJ53: =IF(D53="금융업(보험)", "금융업", IF(D53="금융업(증권)", "금융업", IF(D53="금융업(종금)", "금융업", D53))) -> 비제조/서비스업 | BK53: =AVERAGEIF(BJ:BJ, BJ53, BI:BI) -> 1.7464435 | BL53: =BI53-BK53 -> 7.3813687 | BM53: =IF(BL53<-2, 100, IF(BL53<0, 80, IF(BL53<2, 60, IF(BL53<10, 40, 20)))) -> 40 | BN53: =BM53*0.02 -> 0.8 | BO53: 0 | BP53: =(BO53/O53)*100 -> 0 | BQ53: =IF(BP53=0, 25, IF(BP53<0.1, 40, IF(BP53<0.5, 55, IF(BP53<2, 70, IF(BP53<4, 85, IF(BP53>=4, 100)))))) -> 25 | BR53: =BQ53*0.02 -> 0.5 | BS53: 18087.928 | BT53: 0 | BU53: =BS53-BT53 -> 18087.928 | BV53: =BU53/O53*100 -> 0.060104999 | BW53: =AVERAGEIF(BJ:BJ, BJ53, BV:BV) -> 2.8482825 | BX53: =(BV53-BW53)^2 -> 7.773934 | BY53: =SQRT(SUMIF(BJ:BJ, BJ53, BX:BX)/COUNTIF(BJ:BJ, BJ53)) -> 5.5697596 | BZ53: =(1-_xlfn.NORM.DIST(BV53, BW53, BY53, TRUE))*100 -> 69.167088 | CA53: =IF(BZ53<=5, 100, IF(BZ53<=15, 85, IF(BZ53<=35, 70, IF(BZ53<=60, 55, IF(BZ53<=90, 40, 25))))) -> 40 | CB53: =CA53*0.02 -> 0.8 | CC53: =(M53/N53)*100 -> 73.588001 | CD53: =IF((100-(75*(CC53-1)/(200-1)))>100, 100, IF((100-(75*(CC53-1)/(200-1)))<25, 25, (100-(75*(CC53-1)/(200-1))))) -> 72.642713 | CE53: =CD53*0.015 -> 1.0896407 | CF53: 평가제외 | CG53: 평가제외 | CH53: 평가제외 | CI53: 평가제외 | CK53: BBB | CL53: E | CM53: =IF(CL53="A", 100, IF(CL53="B", 85, IF(CL53="C", 70, IF(CL53="D", 55, IF(CL53="E", 40, 25))))) -> 40 | CN53: =CM53*0.015 -> 0.6 | CO53: 0 | CP53: =(CO53/N53)*100 -> 0 | CQ53: =IF(CP53<3, 100, IF(CP53<10, 80, IF(CP53<35, 60, IF(CP53<100, 40, IF(CP53>=100, 20))))) -> 100 | CR53: =CQ53*0.03 -> 3 | CS53: =_xlfn.XLOOKUP(C53, '1-1. 관계사체무보증금액 (환율 등)'!$3:$3, '1-1. 관계사체무보증금액 (환율 등)'!$33:$33) -> 0 | CT53: =(CS53/N53)*100 -> 0 | CU53: =IF(CT53<3, 100, IF(CT53<10, 80, IF(CT53<35, 60, IF(CT53<100, 40, 20)))) -> 100 | CV53: =CU53*0.02 -> 2 | CW53: =AE53+AJ53+AQ53+AX53+BD53+BN53+BR53+CB53+CE53+CJ53+CN53+CR53+CV53 -> 17.168965
A54: 경농 | B54: https://dart.fss.or.kr/dsaf001/main.do?rcpNo=20230322000774 | C54: 002100 | D54: 금속/비금속/화학업 | E54: 비료, 농약 및 살균, 살충제 제조업 | F54: 완제농약(잡초약,살충제,살균제) 제조 | G54: 28306 | H54: 12월 | I54: 이병만,이용진 | J54: http://www.knco.co.kr | K54: 서울특별시 | L54: 342108581 | M54: 116198537 | N54: 225910045 | O54: 202589425 | P54: 26820420 | Q54: 25169767 | R54: 18699263 | S54: 19522575 | T54: 1657925 | U54: =5981170+3346417 -> 9327587 | V54: =3032463+402780+279400 -> 3714643 | W54: 0 | X54: 0 | Z54: 0 | AA54: 0 | AB54: =SUM(U54,V54,Z54,W54,X54) -> 13042230 | AC54: =(AB54/S54)*100 -> 66.80589 | AD54: =100-(75*(AC54-0.1))/(87-0.1) -> 42.428748 | AE54: =AD54*0.03 -> 1.2728625 | AF54: =(U54+V54)/(S54-T54-AA54)*100 -> 73.005796 | AG54: =(U54+V54+Z54+W54+X54-AA54)/(S54-T54-AA54)*100 -> 73.005796 | AH54: =AG54-AF54 -> 0 | AI54: =IF(AH54<10, 100, IF(AH54<30, 80, IF(AH54<50, 60, IF(AH54<80, 40, IF(AH54<=100, 20))))) -> 100 | AJ54: =AI54*0.04 -> 4 | AK54: 5 | AL54: 10 | AM54: 3 | AN54: =SUM(AK54:AL54) -> 15 | AO54: =(AM54/AN54)*100 -> 20 | AP54: =IF(AO54<10, 100, IF(AO54<20, 80, IF(AO54<30, 60, IF(AO54<50, 40, IF(AO54>=50, 20))))) -> 60 | AQ54: =AP54*0.02 -> 1.2 | AR54: 1 | AS54: =IF(L54>=2000000000, 0.5, IF(L54<2000000000, 0.25)) -> 0.25 | AT54: =AK54*AS54 -> 1.25 | AU54: =ROUNDDOWN(AT54,0) -> 1 | AV54: =(AR54-AU54)/AK54*100 -> 0 | AW54: =IF(AV54<0, 20, IF(AV54=0, 40, IF(AV54<20, 60, IF(AV54<40, 80, IF(AV54>=40, 100))))) -> 40 | AX54: =AW54*0.01 -> 0.4 | AY54: 13 | AZ54: 12 | BA54: =AR54*AY54 -> 13 | BB54: =(AZ54/BA54)*100 -> 92.307692 | BC54: =IF(BB54<70, 25, IF(BB54<80, 50, IF(BB54<90, 75, IF(BB54>=90, 100)))) -> 100 | BD54: =BC54*0.01 -> 1 | BE54: 16693447 | BF54: 1288283 | BG54: 0 | BH54: =SUM(BE54:BF54) -> 17981730 | BI54: =(BG54/BH54)*100 -> 0 | BJ54: =IF(D54="금융업(보험)", "금융업", IF(D54="금융업(증권)", "금융업", IF(D54="금융업(종금)", "금융업", D54))) -> 금속/비금속/화학업 | BK54: =AVERAGEIF(BJ:BJ, BJ54, BI:BI) -> 3.9534119 | BL54: =BI54-BK54 -> -3.9534119 | BM54: =IF(BL54<-2, 100, IF(BL54<0, 80, IF(BL54<2, 60, IF(BL54<10, 40, 20)))) -> 100 | BN54: =BM54*0.02 -> 2 | BO54: =5702422-209643 -> 5492779 | BP54: =(BO54/O54)*100 -> 2.7112861 | BQ54: =IF(BP54=0, 25, IF(BP54<0.1, 40, IF(BP54<0.5, 55, IF(BP54<2, 70, IF(BP54<4, 85, IF(BP54>=4, 100)))))) -> 85 | BR54: =BQ54*0.02 -> 1.7 | BS54: 8035484 | BT54: 52409.09 | BU54: =BS54-BT54 -> 7983074.9 | BV54: =BU54/O54*100 -> 3.9405191 | BW54: =AVERAGEIF(BJ:BJ, BJ54, BV:BV) -> 5.1474159 | BX54: =(BV54-BW54)^2 -> 1.4565999 | BY54: =SQRT(SUMIF(BJ:BJ, BJ54, BX:BX)/COUNTIF(BJ:BJ, BJ54)) -> 6.6930499 | BZ54: =(1-_xlfn.NORM.DIST(BV54, BW54, BY54, TRUE))*100 -> 57.154968 | CA54: =IF(BZ54<=5, 100, IF(BZ54<=15, 85, IF(BZ54<=35, 70, IF(BZ54<=60, 55, IF(BZ54<=90, 40, 25))))) -> 55 | CB54: =CA54*0.02 -> 1.1 | CC54: =(M54/N54)*100 -> 51.435755 | CD54: =IF((100-(75*(CC54-1)/(200-1)))>100, 100, IF((100-(75*(CC54-1)/(200-1)))<25, 25, (100-(75*(CC54-1)/(200-1))))) -> 80.99155 | CE54: =CD54*0.015 -> 1.2148732 | CF54: 평가제외 | CG54: 평가제외 | CH54: 평가제외 | CI54: 평가제외 | CK54: A1 | CL54: A | CM54: =IF(CL54="A", 100, IF(CL54="B", 85, IF(CL54="C", 70, IF(CL54="D", 55, IF(CL54="E", 40, 25))))) -> 100 | CN54: =CM54*0.015 -> 1.5 | CO54: =33210000+11987000+1592000 -> 46789000 | CP54: =(CO54/N54)*100 -> 20.711341 | CQ54: =IF(CP54<3, 100, IF(CP54<10, 80, IF(CP54<35, 60, IF(CP54<100, 40, IF(CP54>=100, 20))))) -> 60 | CR54: =CQ54*0.03 -> 1.8 | CS54: =_xlfn.XLOOKUP(C54, '1-1. 관계사체무보증금액 (환율 등)'!$3:$3, '1-1. 관계사체무보증금액 (환율 등)'!$33:$33) -> 0 | CT54: =(CS54/N54)*100 -> 0 | CU54: =IF(CT54<3, 100, IF(CT54<10, 80, IF(CT54<35, 60, IF(CT54<100, 40, 20)))) -> 100 | CV54: =CU54*0.02 -> 2 | CW54: =AE54+AJ54+AQ54+AX54+BD54+BN54+BR54+CB54+CE54+CJ54+CN54+CR54+CV54 -> 19.187736
